text,label,predicted_label,predicted_probability
android marshmallow <number> . <number> . <number> won't let me log on the by existing account just keeps saying setting up bbm please fix,negative,negative,0.9914916157722473
map animation stopped working,negative,neutral,0.8030034303665161
"good, but slow workflow.",positive,positive,0.9545195698738098
nice app to use with friends,neutral,positive,0.9807317852973938
"i love this app, but i wish they had more outfit selections for maternity. other than that it's pretty awesome.",positive,positive,0.9881747961044312
radar in motion won't work.,negative,negative,0.9940657615661621
only opened <number> st <number> th pages of <url>,negative,negative,0.9952768087387085
when i was being rained on it said no rain in your <url> it is still a good weather app.,neutral,positive,0.9803268909454346
everthing is tought before its use,neutral,neutral,0.9466464519500732
good content. worth downloading,neutral,positive,0.9740462303161621
"it's a great and fun app for emoji use, i like the customization. but there needs to be more clothing and style options. i feel like there needs to be styles with clothing and hair, such as punk, goth, rocker, traditional, futuristic, fairy, and many more. other than wanting more styles to choose from this app is great",positive,positive,0.9876893758773804
"wow, this is a terrible app. no open dialog or page goto. i had expected better from an actual adobe app.",negative,negative,0.9954966306686401
i m fed of this <url> has posted it add every where,negative,positive,0.7275964617729187
it is very usefull browser,positive,positive,0.8899248838424683
its a bit slow vs thinking office and also text anti aliasing is bad,neutral,neutral,0.8075404763221741
"it was great for me and the owner was very nice to us.,but the price change when i pay from <number> to <number>",neutral,positive,0.9477617740631104
provide some good <url> the only bad thing about this app is lack of good <url> hope you make it <url>,neutral,positive,0.9704209566116333
problem with saving large photos plz fix ir,neutral,negative,0.97868412733078
its a good app but we dont have a night mode option for reading in which the background becomes black and text becomes white in color.,positive,neutral,0.9902231693267822
i hate the new version of bbm,negative,negative,0.9955065250396729
is an interesting app to use.,positive,positive,0.985958993434906
"used to be great. now lots of issues with network. i keep getting no network errors, as failed to update errors even when signal is great, or i'm connected to my wi-fi at home.",neutral,neutral,0.8582822680473328
it always has me in virginia and i live in florida,neutral,neutral,0.8133739829063416
it is the very good ape to any one download,positive,positive,0.9884728789329529
not up to the mark,neutral,neutral,0.739130973815918
useless boring it's of no use now days just like mxit,negative,negative,0.9935556054115295
very easy to use,positive,positive,0.940244734287262
worst upadate this update dont respond whenever i access my download section so hated it.,negative,negative,0.9954050779342651
i have lots of state that i watch. my home town will not show what it feels like. all the others do. i have tried a few different things and it won't work. don't understand but it is important to me to know how cold it feels out. i can go to hourly and it tells me but should not have to! i'm uninstalling!,neutral,negative,0.7213394641876221
better and more accurate then most other weather apps.,positive,positive,0.9873716831207275
fun!!! just wish i could make one of my bf.,neutral,positive,0.9808155298233032
worthless does not open password protected pdf as stated,negative,negative,0.9955942034721375
shoddy ui and keeps logging me out,negative,neutral,0.8521504402160645
"very accurate, which is important! how about a <number> x <number> widget?",positive,positive,0.9017984867095947
i like the set up.,positive,positive,0.9900197982788086
"looks interesting at initial install, however the advertisement photos and the camera lay out are different to my install on a samsung galaxy note <number> . missing too many features compared to the full pc. version, particularly tagging and indexing. camera is not as good as the original camera being on the dark side. a nice app. however adds not enough to warrant keeping. perhaps in the future updates. most notably is missing the side by side photo comparison which was the main reason for installation.",neutral,neutral,0.9922282099723816
nexus <number> and samsung s <number>,positive,neutral,0.5638253688812256
"crashing. app crashes and freezes constantly. on htc one m <number> , and the app is completely broken.",negative,negative,0.9951489567756653
plz provide watermarking <url>,positive,positive,0.988716185092926
u can download all movies in any language at movie <url> it okkk,neutral,neutral,0.9882993698120117
pls add more features for android like iphone features,neutral,positive,0.6990952491760254
nice app but when i taking picture with this app i have little problem here the range have limited only <number> - <number> meter even i set focus to infinity still can't get to it. i shoot with pro mode <url> you can fix that it will be <url>,neutral,positive,0.9717905521392822
it's not a web browser. it's an ad browser,negative,negative,0.9900730848312378
a lot of a bug here,negative,negative,0.9913743138313293
shame forest starts again every day would be nice to build a huge forest like monthly or so,positive,neutral,0.9762292504310608
"this app is so fun! my friends and family love exchanging silly bitmojis in our texts. the only reason why i gave it <number> stars is because i wish there was a way for your to organize the bitmojis, so you can quickly access certain ones instead of having to scroll through them or search. also, the outfits are pretty awful. they need a little more fashion. lol however, the art and creativity in the bitmojis are terrific!",positive,positive,0.9793403148651123
i love it but we need video support!,neutral,positive,0.9266861081123352
the app is is good but,neutral,neutral,0.9809576272964478
it is taking forever to load. never had this issue before. just started a few weeks ago,neutral,neutral,0.9834633469581604
map stopped animating over a week ago on my samsung galaxy s <number> . please fix. used to be the <signature>,negative,negative,0.9838618636131287
"it definitely helps me stay focused and off my phone. the one complaint i have is that when i have my phone on silent/vibrate, when i plant a tree my phone goes into standard/sounds on mode. i don't like that at all, i have it on silent for a reason.",positive,positive,0.962835967540741
one   for doing this nasty ios port,negative,negative,0.9319886565208435
unmounted my sd card,negative,negative,0.9853788614273071
why can i not delete saved locations? and ive read thtough it many times and dont see anyway at all to delte previously saved locations!!? im going to have to uninstall the app and then reinstall it to reset this location deleting issue u have!?!???,neutral,negative,0.9924328327178955
"lacks capability to browse for local file. no goto page option, <number> page documents impossible to read. no 'bookmark' to save <url> apps avail",negative,negative,0.9344163537025452
bbm is easy to use and simple way for chating to my friends and <url> !,neutral,positive,0.9784612059593201
make it better please,positive,neutral,0.910008430480957
"i liked the game as well as the concept. it would be better if it gave a sort of buzzer when time was up, and if you could add some personalization.",positive,positive,0.9496050477027893
"useful app nice app for opening documents, no adverts,easy to use and doesn't need a lot of experience",positive,positive,0.9243087768554688
easy to book and great choice and information.,positive,positive,0.9845302104949951
never trust earth networks again,negative,negative,0.9948539137840271
what happened to the elite version i paid for?,negative,negative,0.9943506121635437
lots of problems with the map,neutral,neutral,0.5725693106651306
simple and easy to use,positive,positive,0.6690173745155334
"enjoyed the app until the <url> then the ticker quit <url> the pop up ads in the ticker are annoying. when you get all that shut off in settings, it works great!",positive,positive,0.6166320443153381
radar does not work. will not stay on my home city.,negative,negative,0.9937490224838257
it would be nice if it was in different languages.,neutral,positive,0.9345595836639404
some tools can be available and improved without having to open an account or sign in each time like with drive but in general is pretty useful and have good features also please create the bin icon instead of the <number> dots and once you choose a file you can't delete only if you go back,positive,positive,0.9605206251144409
"i love it! however, i do a lot of work on my phone and so i would like an option to run the app while using my phone, without it killing a tree!",positive,positive,0.984478771686554
good app easy to use. the lens correction function doesn't seem to work though. but maybe i am unaware of how it's supposed to work.,positive,positive,0.9112215638160706
there should be feature by which we can see who saw my message in a group and who doesn't. like we have in what's app,positive,positive,0.9527257084846497
"can we get this to, somehow, plant an actual tree? say, for a certain amount of trees grown succesfully a tree gets planted at some forest in need.",negative,neutral,0.9851254224777222
contains alot of ads,positive,neutral,0.9804474115371704
can't search area,negative,negative,0.9847358465194702
good app for team communications,positive,positive,0.9740962386131287
stopped showing up in my status bar,neutral,neutral,0.9783325791358948
use it for studying,positive,positive,0.9829882979393005
too much ads i dont want uc news stop showing me ads to download uc news,negative,negative,0.9681957960128784
installed this app on my zt <number> tablet but wont work annoying!,negative,negative,0.8336026668548584
the tree does not die no matter which app i <url> i have tried every setting possible but it doesnot <url>,negative,neutral,0.6708725094795227
i love  this app,positive,positive,0.37858501076698303
need to have female and males,neutral,neutral,0.9408586025238037
add tick tick clock sound in it,positive,positive,0.9891915917396545
the radar won't work with samsung galaxy s <number> . so lame,negative,negative,0.9954853653907776
great app. and loads pdf docs faster than many other apps,positive,positive,0.9878956079483032
"fun app! wish i could draw some added details, but fun anyway.",positive,positive,0.9813934564590454
pretty cool app to have.,positive,positive,0.9828318953514099
"clumsy auto-import, but great overall",positive,positive,0.8781176805496216
useless without raw support,negative,negative,0.994938850402832
tried to use it for my team at work but they just wanted to use the whatsapp groups they currently do which is basically the same thing.,neutral,negative,0.927772581577301
i think this a smart browser but opera mini fast then uc but good effort by devolpers,positive,positive,0.7497981190681458
i am facing problem while using it needed to work on user interface its getting slow and hangs sometimes,neutral,negative,0.938290536403656
"it's an ok app, compared to whatsapp and line messenger",neutral,neutral,0.7788483500480652
"won't open any .pdf files on my tmo vibrant (bionix <number> . <number> ), useless.",negative,negative,0.9956082701683044
can you fix the quality of display picture,positive,neutral,0.9903995394706726
can't move app to sd card,neutral,neutral,0.9868469834327698
good app but more facilities we exprcted,neutral,neutral,0.9772994518280029
app works great. consider changing the red triangular notification to a solid red color in the notification bar in android. on my note <number> it appears as transparent in the notification bar at the top.,positive,positive,0.9835994243621826
plz update it it stick in the loading screen forever,negative,neutral,0.5167801380157471
i like it but i wish there were more things and i wish we could customize shirts and stuff,positive,positive,0.9893514513969421
my messages aren't going through to anyone. please fix immediately.,neutral,neutral,0.928396999835968
"i love it, but i'll select one to use and then it will show the new one sent, but a short time later, it will show that i resent an old one, not the one i just selected.",neutral,positive,0.9795634150505066
my radar has stopped working! i've never had a problem with it until today please fix!,negative,neutral,0.8843415975570679
working properly for awhile and crashes later on,neutral,neutral,0.9863442182540894
"a well-crafted, simple app",positive,positive,0.9852102398872375
it was okay at the start and got me focussed but my phone's screen timed out and locked and then my tree withered. please fix this,negative,neutral,0.9880466461181641
it's pretty useful!,positive,positive,0.9814422726631165
why can my friends get the bitmojis with two people but i can't? frustrated.,neutral,neutral,0.9849379062652588
remove obscene quotes and gestures,negative,negative,0.984818696975708
pretty good. app wish it let you face scan yourself.,positive,positive,0.9867495894432068
very good but crashes often,neutral,positive,0.9643843770027161
"lacking lens correction and blur features, otherwise i'd love it. please consider adding these, otherwise i'll have to use photo mate r <number> , cause while it doesn't have blur feature's it has great lens correction features so i can get my chromatic aberration effect : <number>",positive,positive,0.7663489580154419
the animation stopped working please fix!,negative,negative,0.995311439037323
goood one no one can see images unless u do hd,positive,negative,0.8427222371101379
the app lags and consume lots of space.,negative,neutral,0.8222974538803101
"great app, using for an <url> but, could it be upgraded with the feature 'desktop mode' ?",positive,positive,0.9854590892791748
it was good before,neutral,neutral,0.9717583656311035
i like the old spark better it was more accurate cuz it told you exactly how many miles away the lightning was now you gotta zoom in on the map just to see in a round about ways of where the lightning <url>,neutral,positive,0.9382237792015076
"i really like it, but for a while now it hasn't been making my tree die when i touch my phone. also, after completing a set amount of time there's another number underneath my tree. i can't figure out what this means.",positive,positive,0.8859583735466003
annoying buttons below the chat text box.,neutral,neutral,0.986653745174408
i like this app for esuy to watch movie,positive,positive,0.9832739233970642
"aaa please tell me why it doesnt show my cherry blossom <url> i just unlocked it with <number> coins, and i cant find it to grow it. arghh its frustrating.",neutral,negative,0.988922119140625
needs to save where you last left off thats all it needs <number> stars when it updates,neutral,neutral,0.9669705629348755
the app draws the mobile addict in you and plays with his/her psyche.,positive,neutral,0.6497713327407837
it is helpful for fast downloading,positive,positive,0.9757174849510193
hard to access emojis/sticker,positive,neutral,0.5778518915176392
why this app has become so big? earlier it used to be only <number> mbs now its <number> . please reduce the size. <signature>,neutral,neutral,0.9509479999542236
directions make no sense,negative,neutral,0.9671840667724609
great app for photography but,neutral,positive,0.9748232960700989
why can't they fix these issues,neutral,neutral,0.6769682168960571
not working with whats app,negative,negative,0.990024209022522
you have to put the search option in the app,positive,neutral,0.9548408389091492
"its very usefull, also good <url> !!!",positive,positive,0.9855318069458008
"its good. but the problem is whenever i charge my phone, and the forest app has been running, the moment the charging the moment the tree died. and i do not get a single coin. lol is not my fault that the tree died, but what i got-o coins and a dead tree.",neutral,neutral,0.9845927357673645
tel me what to do,positive,neutral,0.9825748801231384
some websites say i don't have adobe even though i have this loaded.,neutral,negative,0.9482964873313904
it is easy to find your distination but there is always a less price,neutral,neutral,0.680340051651001
i havent many friends here,positive,negative,0.7291085720062256
"would like updates on the sun over a <number> hour loop, as well as wind maps, water temps. but one of the <signature>",positive,positive,0.9864011406898499
where are the local adjustments?,positive,neutral,0.9256214499473572
very easy to <url>,neutral,positive,0.9751231670379639
easy to use very good deal.,positive,positive,0.9807468056678772
this app doesnt want to sign me up,neutral,negative,0.9944877028465271
always showing install even it has already installed,positive,positive,0.9650229811668396
the zooming feature is slow and consequently difficult to use.,neutral,neutral,0.9773371815681458
great tool for on the go!,positive,positive,0.98736971616745
raw format not supported,neutral,neutral,0.9815444946289062
"it's a cool thing to have, but it won't sync up with the mozilla addon",positive,neutral,0.9725422859191895
great app but keeps crashing,neutral,neutral,0.8951329588890076
"bbm is good ,hate the adverts",positive,positive,0.5561074614524841
how about a tablet ui?,neutral,neutral,0.8787842988967896
prefer the website more,neutral,neutral,0.9753392338752747
"good design. hope the plant real trees is a true story! also, why the highest ranking people are mostly asian? should expand your customers",positive,positive,0.9825155735015869
"i am not disappointed, but pixlr is still a way better software.",neutral,neutral,0.970876932144165
"i love playing with bitmojis. the clothes in the personalization could use some updating, though. very little are things i'd ever actually wear. it would also be nice to add friends directly on the app to interact with their own bitmojis outside of snapchat.",positive,positive,0.9893367290496826
i love it. i just wish i could delete images that i find offensive and would never use.,positive,positive,0.9770310521125793
i think in the new update they let you color customize any hair style and let you put cuts in your eyebrows.,positive,positive,0.9901245832443237
automatically resizes with no way to change!!,negative,negative,0.994182288646698
don't like the new update,positive,neutral,0.9904014468193054
i like my bbm now . <signature>,positive,positive,0.9861178994178772
no more trees since update. just shrubs :'(,positive,negative,0.8988003730773926
would not updated on my phone and i tried like <number> times,negative,negative,0.9037284255027771
"needs more body shapes and sizes, as well as face lines around nose/cheeks",positive,neutral,0.9927588701248169
took away floating head in txt,negative,negative,0.9878921508789062
stopped working on my phone since the last update. will bring rating up when the problem is fixed.,negative,neutral,0.5655709505081177
works well. most of my pdf files require me to enter a username and password. this app will not allow me to. any chance of adding that?,neutral,neutral,0.9902065396308899
"it's <url> ,add select area <url> mean make selection by <url>",neutral,positive,0.9228613972663879
app doesn't always work. temp won't show in n status bar. doesn't keep track of moving locations,neutral,neutral,0.755961000919342
i hate this update,negative,negative,0.9946656227111816
new updates are beyond worse,negative,positive,0.9159249663352966
where is wbug elite i paid for???,negative,negative,0.9948288798332214
make the time lapse between editing each feature shorter,positive,neutral,0.9917152523994446
add one more feature,positive,positive,0.9847954511642456
the app was useful but avg virus scanner said it contains malware so i'm uninstalling to be safe,negative,neutral,0.9831096529960632
i couldn't open it.,negative,negative,0.9938681721687317
i think that uc is very nice,neutral,positive,0.9847641587257385
mis the original bbm,negative,negative,0.9073880910873413
new ui tanks usability,negative,neutral,0.9037405252456665
this app is so good,positive,positive,0.9539939165115356
doesn't work on my htc droid eris!! can't open pdf attached emails. uninstalling!!,negative,negative,0.9950900077819824
it's very good app for android mobile s,positive,positive,0.9863278865814209
temp is all wrong,neutral,negative,0.9939281940460205
id's easy to use and very helpful,positive,positive,0.9523199200630188
"it seems everytime we're about to get severe weather, the app stops working. radar doesn't work, storm tracking doesn't <url> most critical time for something to work is during or before a storm, such as we're supposed to get today. this app works great on bright, sunny <url> 't depend on it if a storm is brewing though. it will quit working on you.",neutral,neutral,0.9935786724090576
i guess its just the world i live in???,negative,neutral,0.98530513048172
just an idea. when editing/creating my bitmoji i think it'd be neat to have the option to mix and match parts of different outfits together or even change colours of parts.,positive,positive,0.9764352440834045
app is good. no weather forecast is <url> very vague predictions.,positive,neutral,0.560370922088623
cannot attach pictures to reviews,neutral,neutral,0.9914071559906006
great weather app! easy to use and quick to load. only wish it was easy to find a forecast video on it.,positive,positive,0.9837685227394104
issue on local wifi,neutral,neutral,0.9491001963615417
i dont like this app,negative,negative,0.7661488056182861
on the right track,positive,positive,0.9753612279891968
best app for browsing,positive,positive,0.988701343536377
needs a dark mode for the notification bar. hate the bright white glaring at me.,positive,negative,0.9609938859939575
"good app, but it doesn't support gif in android",positive,neutral,0.9767356514930725
<salutation> i tried to sign in and i gave my email and password and from u a email also came but what next to <url> tried to click check again and continue but nothing happened,positive,negative,0.9907884001731873
been using for several months now as a communication tool for various members of a nonprofit organization. it's only downfall that i can see are the occasional missed update alert and that there is no notification badge on the icon.,positive,positive,0.9793938398361206
works for what i need,positive,positive,0.9882990121841431
it's saying it's not up to date so i can't view my file. -htc evo,neutral,neutral,0.9877598881721497
when you know how to use it it's pretty fun and useful same with adobe photoshop touch i have a ton of fun with that but you just have to know how to use it or it will not be fun that's why people are reading it for star i read it <number> stars i love it but only because i know how to use it,positive,neutral,0.9633663892745972
best app ever ( my opinion),negative,positive,0.9620732069015503
doesn't tie your account to gmail - so every new phone (or reflash) you have to retype <url>,negative,negative,0.9500354528427124
great application for team collaboration,positive,positive,0.9838083386421204
"crash easily,make my phone <url> its a great <url> u!",positive,positive,0.9646522402763367
the menu bar above keyboard is annoying,positive,neutral,0.8415902256965637
it's an essential tool.,positive,positive,0.9875178933143616
this bbm doesnt work properly with the samsung notebook <number> . it is always showing limited bbm access. pls fix this,neutral,negative,0.995461642742157
"unless i open the app, i get no notifications even when my name is mentioned",negative,neutral,0.9789936542510986
it's good app but need more apps related chat process,positive,neutral,0.8576765656471252
"doesn't open all pdfs. i do a lot of work dealing with architectural plans. this does not render all of the pdfs (some open fine, others open blank).",negative,negative,0.967331051826477
quick way to book a motel when you need too,neutral,neutral,0.6402615308761597
can get out of the app by home button and use your <url> timer runs in the <url>,neutral,neutral,0.9839246273040771
"honestly a joke compared to the desktop version of lightroom. i have one of the most powerful phones in existence and this app can't even scroll without lagging. i reinstalled today, <number> months later to find not only has nothing changed but my trial has expired and i now need to pay to use a laggy gimped version of software i already own.",negative,neutral,0.9644474983215332
better for <url> !!!! you will try <url> !!!!,neutral,negative,0.9496667981147766
backup feature was awesome,positive,positive,0.9562378525733948
amazing to use this one like superb,positive,positive,0.9807649254798889
i can't post on any website.,neutral,negative,0.9286406636238098
want some other features,neutral,neutral,0.9493946433067322
this app is not user friendly,neutral,negative,0.9925559163093567
force closes <number> / <number> !,negative,negative,0.9926362037658691
what a waste of this apps effort the image meta data are always show false info when export image to gallery,negative,negative,0.9952656030654907
it's a nic app n helpful <url>,positive,neutral,0.5120025277137756
how to change time ??,neutral,neutral,0.6873360276222229
it's ok but this new version is not so impressive,neutral,neutral,0.9870814681053162
this is a good movie downloader,positive,positive,0.9829722046852112
want my old avatar can't find it,negative,negative,0.9939121007919312
best of pdf file app,positive,positive,0.9823779463768005
i would have gave <number> stars if y'all had more cute outfits for the girls to wear that is seasonal appropriate,positive,positive,0.9831163287162781
was ok but i can easily use other apps when i press home,negative,neutral,0.9800973534584045
"useless. can't log in using the app at all. deleted and reinstalled several times, still no luck.",negative,negative,0.9952037334442139
"easy to use, but if i plant a tree to grow and then leave the app it doesn't die. don't know if that's a bug in the app, but knowibg it won't die once i exit the app gives me no reason to stay focused",positive,neutral,0.9558427929878235
cuts down on paper usage.,positive,negative,0.9911907911300659
<salutation> then dropped it. and now the radar animation doesn't work.,negative,negative,0.9945236444473267
"good idea, but too slow on android. much better on desktop.",negative,neutral,0.9825473427772522
"like everything about it, except that the radar animation is a little clunky.",positive,neutral,0.9715299010276794
it's the king when it comes on downloading from internet i really appreciate it,positive,positive,0.9708016514778137
"i'm using uc browser from many years and its was amazing but from the last update i got, it get <url> everytime i open new site, it shows an error everytime. please fix this.",neutral,neutral,0.9569072723388672
cant install this app on my s <number> . error cant install in default location,negative,negative,0.9957998394966125
needs to include precipitation estimates,neutral,neutral,0.9871533513069153
new version is a step back,negative,positive,0.8950056433677673
great but watch little bug,neutral,positive,0.9813450574874878
i love this app.,positive,positive,0.6282005310058594
"love the idea, and as long as i didn't touch my phone notifications and such didn't ruin my progress. however if i try to exit out of the app (to use whitelisted apps like my calculator) then it 'killed' my trees.",neutral,positive,0.983539342880249
"my mom found this before i did! i'm <number> and even i like it. lol great for all ages. you can make it look just like you to every detail, many clothes and accessory choices, and when you want to send a text to somebody they basically have everything you might want to say to somebody in a text or to reply back to somebody in a text message. plus cute little emojis of yourself doing things.",positive,positive,0.989551842212677
ads ads ads everywhere,neutral,negative,0.9947463274002075
has gotten a bit better since last review. i really like the lightning strike display. helps me with my lightning photos,neutral,positive,0.9904572367668152
i really enjoy it,positive,neutral,0.9490711092948914
i rely on accurate radar as i work outside everyday on a golf course. the daily and the hourly forecast constantly contradict each other though now and it's hard to figure out what the actual weather will be so i can only really rely on radar.,positive,neutral,0.9785487055778503
"i enjoyed it, but the app deleted all of my purchases, such as trees and sounds",neutral,neutral,0.9873033165931702
so far it's good,positive,positive,0.919516384601593
would like some custom messages when trees are planted,positive,positive,0.9841533303260803
used to be good,negative,negative,0.937289297580719
make category select bradcast message!,neutral,positive,0.8908791542053223
causes allot of problems will change dates etc when making a booking. prob better off staying with web page.,negative,neutral,0.8216153383255005
reflow feature quirky. can't somehow help feeling suspicious it is bugridden inside.,negative,neutral,0.9933520555496216
i don't <url> i can't understand this appp,neutral,negative,0.9570725560188293
crashes on galaxy s,negative,negative,0.6955548524856567
force closes all the time. from a company with a good to great rep. i had expected better,negative,negative,0.991817057132721
great <url> ruined with ads,neutral,neutral,0.5476445555686951
worst experience at hotel,negative,negative,0.995385468006134
heating and battery problem,neutral,negative,0.9752771854400635
fed up with advertisements. oh my gosh. cannot tolerate this application anymore,negative,neutral,0.5132681727409363
this is the fastest app searching mode,positive,positive,0.9766970872879028
"nice app for managing ongoing projects, teams, groups.",positive,positive,0.989287257194519
is not allways up to date with current weather.,positive,neutral,0.9927686452865601
realy superrrr <url> saver app,positive,neutral,0.9280645847320557
<number> day trial? and then creative cloud?,negative,negative,0.9937812685966492
the print button keeps shutting itself down,positive,neutral,0.7485639452934265
average performance in download,neutral,neutral,0.9846500754356384
animation on radar stopped,negative,negative,0.995231568813324
"so far so good. surfing is made enjoyably interesting, thumb ups.",positive,positive,0.9889107942581177
bbm sucks on my galaxy s <number> mini .,negative,negative,0.9952869415283203
what did i download?,negative,neutral,0.5288509130477905
my favourite editing apl,positive,positive,0.9501498341560364
so easy to use and appropriate advice,positive,positive,0.9783236980438232
doesn't work properly.,negative,negative,0.9947102069854736
"generally good, sometimes price filter doesn't work well.",positive,neutral,0.9753620624542236
love this app pretty accurate,positive,positive,0.9697631001472473
as much as <number> degrees off!,negative,neutral,0.731595516204834
used to be good,negative,negative,0.9372895359992981
"this app helps me be productive, but since the update, i can't plant the trees i had previously bought.",positive,neutral,0.9745590686798096
dell streak:force close sometimes. blank pages sometimes. need bookmark feature and ability to continue from last read page.,neutral,neutral,0.9411114454269409
"if your in a hurry, i'd recomed calling, it takes a wile to fill out the information.",neutral,neutral,0.98993319272995
good but not good as web version,positive,neutral,0.9722386002540588
problems working over wi-fi,negative,neutral,0.9690877795219421
it's ads all the way,negative,neutral,0.8952885866165161
no password support <url>,negative,neutral,0.9754664897918701
"good, but not perfect",neutral,neutral,0.9063218832015991
i wish it would work offline,positive,neutral,0.9364080429077148
cloud based apps do not work for me. with pathetic network services in our region it becomes frustrating to use. pity. will have to uninstall,negative,negative,0.9957780838012695
"so disappointed with this app! why would you delete an entire account without any warnings? see i'm not mad that you deleted my account because i had iran's ip address, i'm mad because you didn't even bothered to give me a chance to take back up of my files! do you understand how unprofessional this is? so disappointed!",negative,negative,0.994784414768219
this app is good,positive,positive,0.9727266430854797
"slow, laggy performance. thinkfree office opens my pdfs and allows smooth transitions and zooming.",negative,neutral,0.9851587414741516
since the update the radar doesn't work <url>,negative,negative,0.9956817626953125
"like the app, but could you please remove the external storage permission when i want to take a picture? i don't like granting apps dangerous permissions and i know you don't need it if you use the file provider api. <signature>",negative,neutral,0.9849504232406616
there is no print option i can find.,neutral,neutral,0.9850907325744629
<url> the picture size on bbm group is too small sometime not clear. also incoming bbm call is not detected or not showed in galaxy gear s <number>,positive,neutral,0.9862223267555237
got stuck on trying to confirm my booking and i lost the accommodation. after that force crash. uninstall. htc desire,negative,negative,0.9957504272460938
please fix the radar,negative,negative,0.9927701354026794
"good adjustment, bad storage",neutral,neutral,0.9895334839820862
coming from adobe this is absolute garbage. fails to open pdf files. it was only <number> kb. garbage.,negative,negative,0.9951747059822083
after i updated the new bbm version always getting <url> sometime the messages pending without ceklis my friend send in the morning but the messages coming after <number> or <number> hour <url> i saw on the messages the time when he send me a messages and this made my planning <url> should i didn't upgraded <url>,negative,neutral,0.9714644551277161
new update ruined the app,negative,negative,0.9949618577957153
a widget would be nice,positive,neutral,0.9905914664268494
there are ads now?,neutral,negative,0.6912726759910583
difficult when on vacation,positive,neutral,0.9898214340209961
notifications are bonkers. (will give <number> once fixed),negative,positive,0.6624323129653931
can't add new locations,neutral,neutral,0.9921058416366577
nice tool for inter-team communication,positive,positive,0.9873678088188171
it's download video very fast and all other thing,positive,positive,0.9854260683059692
"veru useful app only when used with its <number> rd-party integrations, yet flock is much better alternative for having more free features.",positive,neutral,0.6879892349243164
doesn't <url> i'll go on other apps and the tree still <url> little i inventive to actually stay off the phone,negative,neutral,0.9122256636619568
"when ever i update app,it won't work and i lost my all data many times",negative,negative,0.9958170056343079
doesn't work much! where's the <number> version???,negative,neutral,0.6369870901107788
nice app fast downloading,positive,positive,0.9826525449752808
"the app is great, it's fun and helpful, tho when you click the home button, it doesn't die. you could fix that",positive,positive,0.9784446358680725
"easy to use, always <url> when you book thrue them, they will charge you too much.",neutral,positive,0.9775741696357727
there is no jump to page option so you have to flip through every single page! its a big waste of time.,negative,negative,0.995536208152771
great and easy to use,positive,positive,0.9564986824989319
"cloud subscription, no <signature>",negative,negative,0.993629515171051
great app to focus!,positive,positive,0.9807794690132141
pay when you arrive. err no,neutral,negative,0.9791065454483032
great apps for great team,positive,positive,0.9846013784408569
i like the appl because it connect me to a lot of people in my office,positive,positive,0.9865278601646423
can't open my bbm after updated,negative,negative,0.9954822063446045
cannot use for flash <url>,neutral,neutral,0.8597338199615479
won't work with my text messages and have to start a new conversation to use it in messenger,neutral,negative,0.994631290435791
it crashes every time,positive,negative,0.990929901599884
great app for group family communication across multiple types of devices and countries,positive,positive,0.9864279627799988
it was great radar sucks now,negative,negative,0.9950299263000488
missing a tablet version,neutral,neutral,0.982475221157074
the browser is used very fast connecting browser,positive,positive,0.9573308825492859
i want a etc wallet that's all i want to invest <url>,negative,positive,0.9183884859085083
not so much but good,positive,neutral,0.9756335020065308
well the app is kinda <url>,positive,neutral,0.5519381165504456
the program is very slow and can be unresponsive. there is no bookmake setting. pages take a very long time to load even when zooming in and out.,negative,neutral,0.9366752505302429
totally invasive and inappropriate for development. it kept people talking for every detail for hours. kill innovation and efficiency. cannot replace skype so another chat cheater. a waist of time in communication. one good point if you can make your competitors to use it. they will collapse.,negative,negative,0.9947088956832886
i love it. but i think it would be better to add angle correction as well is needed sometimes and i don't like having to use other apps to do this.,neutral,positive,0.9735568761825562
the emoticon not <url> :'(,neutral,neutral,0.9856228828430176
good app. had full version but they took it away. would like it back. radar not working. layers are not working. must be a weather bug.,neutral,neutral,0.983220100402832
can't import my booking? what's the point of getting this app? anyone?,negative,negative,0.9953663349151611
"the app sometimes gets stuck on a certain temperature and you have to actually click on the app to get the correct temperature to pop up, but at least with this app i can actually get the <number> -day and hourly forecast pages to load which is something i can't get with accuweather. so i guess what i'm saying is it's probably the <signature>",positive,neutral,0.9909945130348206
"great, but occasionally crashes",positive,positive,0.922826886177063
"crap, takes ages to loads and lags on all docs, standard pdf viewer much better",negative,negative,0.99543297290802
it stops working frequently,neutral,neutral,0.5294632911682129
like it more than most weather apps i've tried. would recommend!,positive,positive,0.9840478897094727
stupid trees. too much green. too cute. memory hog. deleted it.,negative,negative,0.9960428476333618
plz add readout loud feature in application,positive,positive,0.9898713231086731
"give error, stuck onopening",negative,negative,0.9944783449172974
the radar map only shows past not current,neutral,negative,0.9870662093162537
"the worst, the most bugged app that i've ever seen in my life! always crashing for no reason!",negative,negative,0.994310736656189
this does not work with my phone i exited the app for ages and my tree still grew.,negative,negative,0.995664656162262
the application is too slow. sometimes it just wont select the options.,neutral,neutral,0.9410061836242676
useless doesn't open email attachments on lg optimus,negative,negative,0.9956048727035522
its a very good app,positive,positive,0.983194887638092
good up to date service,neutral,positive,0.9814071655273438
luv it but u should allow us <number> make more than one character then i'll give u <number>  's,neutral,positive,0.935766875743866
"app does what it has to do, but would it be possible to implement a harder way to cancel the growth of your tree? now it takes about <number> seconds. you could make another cancel button which you have to press for <number> minute without releasing it to unlock your phone. gives you time to think if you really need to unlock it. <signature>",neutral,neutral,0.9282464981079102
need full raw hdr for lg v <number> !!!,neutral,neutral,0.9328359961509705
it wont even let me log in!!!,negative,negative,0.9935891628265381
wouldn't search any locations.,negative,negative,0.994523286819458
new version is not intuitive.,negative,negative,0.536668598651886
image previews don't work,positive,negative,0.9648410677909851
"its great, just too many ads",positive,positive,0.5379753708839417
radar has stopped working,negative,negative,0.9936476349830627
has been treating me well for years,positive,positive,0.9583508372306824
animated radar not working,negative,negative,0.99535071849823
problems with internet connection s <number> edge,neutral,neutral,0.755962610244751
"another login and account needed, mediocre editing",negative,negative,0.7174064517021179
i need a tab for news language i don't want it to be default for the place i live in my native language may be different. please look into it,positive,neutral,0.9081395864486694
"idea is nice, <url>",neutral,neutral,0.9894914627075195
useless and hang in itself,negative,negative,0.9949461817741394
lagging on nvidia shield tablet,neutral,neutral,0.9898382425308228
less taps &gt; more taps is not always true! this update clutters up the mobile app and looks horrible! bring back the drop down menu.,positive,negative,0.9955493211746216
great mobile app for a great platform,positive,positive,0.9820634126663208
easiest way to keep all my accommodation details with me when i travel.,positive,positive,0.9860044121742249
"there is no way to search or jump to the pages i want. so, in a <number> page document, i have to page down until i get to where i want. very poor!",neutral,negative,0.9954975843429565
crashes on z <number> compact,neutral,neutral,0.9888064861297607
"can't delete any of the pdf files! someone ,help mytouch <number> g",neutral,neutral,0.7996082901954651
somethings wrong with this app,positive,negative,0.9566041231155396
well organized app. offers better deals than the hotel itself.,positive,positive,0.988283097743988
faster than other app,positive,positive,0.7058528661727905
"decent, but needs ability to define custom notification sound. the built-in ones are too quiet and the 'device default' is too general.",positive,positive,0.7188560962677002
"if you have difficulties staying focussed, then this is definitely the app for you. as trivial as it sounds, there's a real sense of satisfaction in seeing your forest grow the more time you log. the only thing i would say which could be added is social email support or facebook integration, which i believe is already a feature on the ios version. some of my friends are using it too, and seeing their forests grow (perhaps even on some kind of map next to mine?) would add an element of healthy competition!",positive,neutral,0.8856759667396545
would be better with out ads,positive,neutral,0.9886673092842102
<number> star 'coz why we have to request hd quality picture first? oh <url> nobody need bad quality picture. washing <url> another chat app more better !!,neutral,negative,0.9495143294334412
"my screen goes off, but when i unlock my phone, my tree dies. makes the app pointless as it forces me to keep the screen on which is distracting. great concept though.",neutral,neutral,0.9814959168434143
it will be better if the apps allow users to listen music while studying or doing their things,positive,positive,0.9809523224830627
the app is free on android but why can't i use my new unlocked tree?!,negative,neutral,0.9317106008529663
"not ideal, but better than a few other ""freeware"" options there with lots of adds or crappy ui.",positive,neutral,0.9922343492507935
add break or pause option plz,positive,positive,0.9870393872261047
good effort <url> try to send correct notification of the news or story.,positive,positive,0.9854296445846558
doesn't work keeps saying bad internet connection but all other apps work.,negative,negative,0.9936230778694153
did not install this app. all i did was update my phone and it was there and i can delete it! very annoying!!!,negative,negative,0.9860720038414001
last updates causing problems.,neutral,negative,0.9567400813102722
"stupid app many many ads ,don't download this app",negative,negative,0.996039867401123
too much buz for nothing so special.,negative,neutral,0.5733199119567871
simple but effective app to end smartphone addiction,positive,positive,0.9765001535415649
technology at its <signature>,positive,positive,0.9703508019447327
"editing is all about precision, of which this isn't good at. trying to crop is like throwing stones at a picture frame on a wall and hoping it sticks. when you get it you accidently press another button and all the work is <url> still needs some refining",neutral,neutral,0.9815177321434021
used to love <url>,neutral,negative,0.9117292165756226
bbm is really gud,positive,neutral,0.8682302236557007
still a good app,neutral,positive,0.6148068308830261
"looks nice but the live radar always zooms in to close, i like to see the entire area around my location.",positive,positive,0.9837366938591003
creeping permissions. no <signature>,negative,negative,0.9946581721305847
don't expect to be productive on the tube,negative,neutral,0.9757704734802246
huge apo. does not have move to sd card. standard reader v. good. uninstalling.,negative,negative,0.9951706528663635
too many push and price not clear,neutral,negative,0.9939395189285278
great app but updated the app but the bug is still there where the animation plays without accessing the app so you have to tap screen to gain access to home screen. that bug has been there forever please fix!,neutral,neutral,0.7642043828964233
like it but need better notification settings,positive,positive,0.8834523558616638
being a motorcycling enthusiast i like to know where the rain is and what direction it's heading.,positive,positive,0.9866251945495605
radar no longer works,negative,negative,0.9937254786491394
why i cannot play my download video?,neutral,neutral,0.763568103313446
as an alternative in contacting people,positive,positive,0.8527297377586365
crashes all the time tells you there is no memory even on sd card. won't let you use if you decline push notifications,negative,negative,0.994209885597229
what's the point?,negative,negative,0.9940396547317505
"i used to really love this browser but now it's just annoying .when i download files sometimes it tells me ""file doesn't exist"" and i have to redownload ,plus it lags .",negative,neutral,0.9863128066062927
its good but i think it should add like fortnite emojis or other characters,positive,positive,0.9679909944534302
its good but now a days it slow,neutral,positive,0.6327412128448486
"the emojis you can make out of it are great! however, it would be nice to implement the character doing different kinds of sports. also the app didn't have my face shape, hairstyle, and the mouth was too big for me. basically i had to go with what i could find that looked the most like me, and a bunch of people still thought that the bitmoji looked nothing like me. something else i'd like to add is that maybe for the female character, put some outfits that are t-shirts and moderate shorts, not just short shorts. i couldn't find my usual attire because of that. overall, my bitmoji only looks a bit like me so if you guys can change the face, costumes, and facial features to let more people have an accurate character, it'd be great. <signature>",positive,positive,0.973962128162384
throw this app to garbage,negative,negative,0.9952385425567627
very nice and helpful <url> luving <url>,positive,positive,0.9570596814155579
it will be better if there will be option to archive a chat,positive,positive,0.950920045375824
requesting to build a bigger forest!,positive,neutral,0.6391602158546448
stop the stupid ads,negative,negative,0.9943125247955322
spark lightening no longer working,neutral,negative,0.9935450553894043
"slowly slowly you are making it worst app but it's your app you can do anything after all you are communist. see i don't like your inbuilt pdf viewer,video viewer app so allow user to use apps like adobe pdf reader and mx <url> and the new problem is the facebook video is not working <url> earlier i have given <number> star rating but now you are decreasing quality <url>",negative,negative,0.9754300713539124
doesn't export my photos most of the time,neutral,negative,0.9038184285163879
still need to improve,positive,positive,0.7258421182632446
no philippine peso currency?,neutral,negative,0.8700528740882874
"i downloaded this app specifically to merge photos together on my backpacking adventures whilst eliminating the need for a laptop. sadly, it does not have the function to merge photos for panoramic or hdr.",neutral,neutral,0.9900171160697937
"pretty effective but i just noticed it doesn't pick up the usage of one of my most distracting apps (bacon reader for reddit). i was on it and thought oh no my tree! opened up to find it wasn't triggered. double checked my white list etc, everything was proper. if it doesn't block that it becomes pretty useless in my eyes",positive,neutral,0.8249117136001587
"awesome app. it would be sooo useful to have one button access to the lastest posts accross all channels and all workgroups, i find im spending much time digging around for the latest posts.",positive,positive,0.9294885396957397
its good and so easy to use,positive,positive,0.871071457862854
this isn't as good as it's siblings,negative,neutral,0.9808993339538574
app is good service,neutral,neutral,0.5747749209403992
app thinks i am a man :'),negative,neutral,0.8397306203842163
will not work correctly. i tryed to set the map in motion and it will not move!,negative,negative,0.9949030876159668
super cute but kind of difficult to use on the spot.,positive,neutral,0.9883811473846436
"nice, but couldn't find night mode.",positive,neutral,0.9686456322669983
"insanely unreliable - wont let me accept invites to other workspaces nor will this application even show me the invite - login inconsistency, i can auto-login with the app but when i type my password in non-app login screens it wont work. its the same password i use for other applications and i successfully login each time.",negative,negative,0.993908166885376
cant search without creating an account! they need your email so the can sell it to spammers! unistall!,negative,negative,0.9956926703453064
only good not <signature>,neutral,positive,0.8585976362228394
it is a waste app and waste of time. it is only useful for downloading the movies,positive,negative,0.9943660497665405
it's fast and i can always use it to download,positive,positive,0.9875230193138123
have to use and see,neutral,positive,0.9737342000007629
good but some issues,positive,neutral,0.8997832536697388
plz see sex movies it's nice in this,neutral,positive,0.6944725513458252
wont open. it always crashes and my phone reports it having multiple errors in <number> week,negative,negative,0.995694637298584
fcs on a <number> page pdf. really?! even on my stock evo that's awesome? this reminds me of flash player on my laptop- always causing problems. adobe = crap,negative,negative,0.7460879683494568
"the worst app ever can't download a single <url> my downloads have been ""unsuccessful""",negative,negative,0.9954022169113159
needs text search and in-document link support.,neutral,neutral,0.9203254580497742
it's a great app. love it and good job,neutral,positive,0.9796947836875916
"sometimes wonky when on wifi, but that could be internet connection issue. also wants to have high accuracy location on which will drain your phone quickly.",neutral,neutral,0.9895963072776794
why am i now seeing ads? lame!,negative,negative,0.9953084588050842
you had one job,positive,negative,0.9738178253173828
"it would be nice if there was an option to record voice messages.    nuisance: when i press 'backwards' in my android, i am thrown out of the app, instead of going backwards to the messages list.    nuisance: i don't see a list of last messaged people in chronological order but randomly. this drives me <url>",neutral,neutral,0.9861063957214355
not replacement for the desktop app,neutral,negative,0.9806946516036987
great app to communicate with family and friends.,positive,positive,0.9861798882484436
best chat application ever,neutral,positive,0.9858689308166504
good app bt needs new features,neutral,neutral,0.9022365808486938
it requires access permission n i dont know from where to turn on so can u plz tell m!!,neutral,negative,0.993257999420166
uffff!!!! plzz don't downloaded this,negative,negative,0.9945595860481262
good <url> lacks some essential features,positive,neutral,0.8147283792495728
"the app is ok but the camera should no have any sound when you take photos, that problem is quite annoying",neutral,neutral,0.9875513911247253
installation corrupts gmail db on n <number> android <number> . <number>,negative,negative,0.9911245703697205
i think it's a great start app!,positive,positive,0.9791975021362305
radar has been freezing and not moving for last month. deleted it after all this time. pos!!!,negative,negative,0.9956686496734619
ok till it goes wrong,neutral,neutral,0.9840819835662842
i rely on weatherbug every day.,positive,positive,0.9900943636894226
"love this app, especially the lightening strike tracker.",positive,positive,0.9836810827255249
there's still more to it.,positive,neutral,0.7186365127563477
very basic and subscription based,negative,positive,0.6508627533912659
no words great app,positive,negative,0.7696970701217651
"im not use as well, i think it is bad application, i dont like.",negative,negative,0.9922198057174683
keeps saying photos not found whwn trying to send/ attach to people. using a note <number> <url> its not <url> it <url> pwrfect for what application i needed it for. will try again when i get new phone in a couple weeks.,negative,neutral,0.6161782741546631
helpful for book reading,positive,positive,0.9852492213249207
sometimes slow but yet efficient.,positive,positive,0.9755290150642395
for some reason the keyboard doesn't work on my phone. and i can't do couple's bitmojis with my wife. but it's fun to use with her anyhow,positive,neutral,0.6368328928947449
make anoying bc different ring with chat ring,neutral,positive,0.9838125705718994
"please make the browser application sync-able with android phones. i was able to sync a few days ago, but now it only syncs with an ios account.",positive,neutral,0.9916936755180359
great app. would have been a <number> if avatar could be edited,neutral,positive,0.9856932163238525
poor cousin to the desktop app,neutral,negative,0.9730626940727234
i get notification for update but i can't update my bbm. please fix it.,neutral,neutral,0.5386543273925781
it wont let me download its saying it is but not getting it,negative,negative,0.9944461584091187
force closed zenfone <number>,negative,negative,0.9943312406539917
cloud service only idea bites,negative,negative,0.7931062579154968
i can't sign <url> :'(,neutral,negative,0.9838693737983704
horrible for one reason,negative,negative,0.9950482249259949
<salutation> opening unwanted liks,negative,negative,0.9849227666854858
won't let me end chat,negative,neutral,0.9801121950149536
"nice, but flow could be better.",positive,positive,0.9567093253135681
it just froze up a few days <url> doesn't work at all when i click on it,negative,negative,0.9780493378639221
the news which displays on the welcome page is very annoying and vulgar have to be very careful when giving it to the children's at home to surf the internet and we had to use other browser in front of others as your front page containt all the vulgarity in news most of the people don't know how to disable news. the option should be visible on the front screen itself,negative,negative,0.9805693626403809
seems impossible to make a review,neutral,neutral,0.9872948527336121
reflow doesn't let you move from what's on the screen. no option to go to specific pages directly (really? scroll through a <number> + page book everytime?),neutral,neutral,0.7083262801170349
low score due to the lack of a dark theme/night mode in <number> !,neutral,negative,0.8630697131156921
"no floating head, why",negative,neutral,0.7053341269493103
bad on sms blocking,neutral,negative,0.9953674077987671
hated the new update,negative,negative,0.9954662322998047
i find it a bit odd that the app doesn't automatically open a file. i have to go to the app and open the file from there.,positive,neutral,0.992175281047821
the weather people are always wrong they suck,negative,negative,0.992712676525116
"no ""go to page"" feature? really?",neutral,negative,0.995027482509613
caused ipad safari to stop working,negative,negative,0.9932618737220764
it's a good app to communicate with team instantly,positive,positive,0.9878467917442322
garbage. worthless app. i hope someone comes up with one better and more organized for people use. makes no sense. cant navigate. not worth the headache.,negative,negative,0.9943377375602722
good but seems to be a battery drainer on lollipop,neutral,neutral,0.9816156029701233
like the funny <url>,positive,positive,0.9603375196456909
"useless app, doesn't work as described",negative,negative,0.9960283041000366
pdf viewer works much smoother and loads faster,negative,neutral,0.9335725903511047
awesome app with awful ux,neutral,negative,0.9173625111579895
<salutation> why most of the time. when i finish downloading video and going to play it. it says failed to open its not like this before using old version.,negative,neutral,0.9239914417266846
couldn't get edited photos out of lightroom!,negative,negative,0.8425796031951904
the update sucks!!! i lost all the trees i previously unlocked.,negative,negative,0.9955511093139648
the cancellations are confusing and the will double charge,neutral,neutral,0.9920256733894348
"great, but eset is going off",positive,positive,0.8527588844299316
it is too slow app.,negative,neutral,0.7531850934028625
good & need more development options,neutral,neutral,0.7690873742103577
browsing fast but before download its doing re direct and suggest an other app.,positive,neutral,0.9897233247756958
please fix as soon as <url> cannot send message n dont have received feeds,negative,neutral,0.9757129549980164
too many ads dude,negative,negative,0.6984923481941223
through this app i get amazing deals,positive,positive,0.9844741821289062
very helpful & useful for media <url>,positive,positive,0.9826152324676514
very helpful the apps,positive,positive,0.9873550534248352
update screwed the app over,negative,negative,0.9955784678459167
i love the variety of fashion styles this app offers. really digging on the poses & emotion statements. emoji id me. a ok,positive,positive,0.9897434115409851
except advertising everything is fine,positive,neutral,0.8349314332008362
does what it's meant to do,positive,neutral,0.9469076991081238
it's bad browsing with opera,positive,neutral,0.820388674736023
storm warnings are behind. weather warnings just seams to be behind,neutral,neutral,0.5336219668388367
not really but they had an annoying notification getting me to rate the app so,negative,neutral,0.9904407262802124
was better before they started messing with it. but still a bit of silly fun,neutral,neutral,0.9802709817886353
can no longer save locations.,neutral,negative,0.9774551391601562
"i use to like this app. but now the radar animation don't work,and i use to like that. i see it doesn't work for other people either sence the upgrade.",negative,neutral,0.7342039346694946
it works but thats it,neutral,neutral,0.9868307113647461
"next update have any problems after i'm updates its say bbm not responding, and refresh page is take a long time, maybe <number> minutes, why the hell??",neutral,negative,0.6655306220054626
"just downloaded it, and haven't had the chance to use it much.",positive,negative,0.9955429434776306
inferior to the ios version.,neutral,neutral,0.8034437298774719
"this app just simply doesnt care if i have allowed the data access or not. despite completely stopping the access to mobile data and wifi, it still runs in the background, connects with the internet and receives the texts. extremely intrusive and not something to have installed on your phone. if this is how it behaves, then it can't be trusted. uninstalled.",negative,negative,0.9948137998580933
quick booking. many options.,positive,positive,0.7475346922874451
can't jump to pages. up arrow disappears. at least make it optional for up arrow to stay visible all the time. just plain out aggregating to use.,negative,negative,0.994220495223999
very lag and make my phone so slow,negative,neutral,0.9737176895141602
useful and stable application <signature>,positive,positive,0.972417950630188
overall a good app fast downloading and <signature>,positive,positive,0.9855271577835083
good place to work in groups,positive,positive,0.9735605120658875
good application. but needs some improvement,positive,positive,0.9451240301132202
good app but to much fake news and add,negative,positive,0.9887205958366394
cool idea with severe (ironic) bug,positive,neutral,0.9906644821166992
this app are clearing all data,neutral,negative,0.9890409111976624
good for a waytomake moneyon the side,neutral,neutral,0.9429426193237305
it is very nice app,neutral,positive,0.9814024567604065
"best editing software. ui is easy , but please remove the trial",positive,neutral,0.9187305569648743
not visible in app tray!,positive,negative,0.9878484010696411
the only thing i would do different is make this available on facebook i can't access it for my posts. had to uninstall and reinstall as it stopped working.,neutral,negative,0.9396885633468628
"would have been a perfect app excet for the fact that you cant insert the icon into your current text, but have to start a new one(text) <url> , and with every icon!",neutral,positive,0.983253538608551
some issues in confirming the booking.,neutral,neutral,0.9802553653717041
pls also cover news of intl. importance,neutral,positive,0.9793897271156311
very easy to navigate,positive,positive,0.9786262512207031
won't stop shutting down. reported several times,negative,negative,0.9922167062759399
easy and very helpful,positive,positive,0.9744430780410767
"there is a problem, at least in this version, each time i try to view an already downloaded city guide while i'm online, always displays the search page for hotels <url>",neutral,neutral,0.9897236824035645
i am just downloading the app after completion i'll increase or decrease the rating based on the app performance,neutral,negative,0.9910202622413635
"notif now okay, ads still not ok",positive,negative,0.9953331351280212
"great app, too bad i'm on android.",positive,positive,0.9230603575706482
"it's is very effective app , but it takes too much time in opening",neutral,neutral,0.9526014924049377
same bad it is good for search and for download but it is no to much good when i open uc browser on it home sreen or default and not save language option for my side not good,neutral,negative,0.9748786091804504
not good for me,negative,neutral,0.5842859745025635
it's good for few days later it is not working well,neutral,neutral,0.9861554503440857
"keeps crashing. really looked fwd to checking it out, but crashes all the time. the few times it worked the timer got messed <url> work it out!",neutral,negative,0.9939316511154175
the worst - yet the only <url> ckck,negative,negative,0.9951307773590088
i love this app!it really helped me! devs keep on fixing and constantly improving on the app. worth any all in app purchases (which are very cheap btw). just missing a widget! &lt;/ <number>,negative,positive,0.9737821221351624
my bbm very slow .. what happen ??,negative,negative,0.8827425241470337
i like booking in my computer,neutral,neutral,0.9286158084869385
i like this app,positive,positive,0.8788690567016602
can't do or find anything on the app,negative,negative,0.9743513464927673
why open raw files ?,positive,negative,0.9311272501945496
"all but useless in europe. slow to update and most features just don't work here at all. added a daily weather report, great! oh wait, it describes only one <url>",negative,negative,0.9799048900604248
something very wrong with the app,negative,negative,0.9943689703941345
iterate this app more then ads,negative,neutral,0.9493147134780884
old seen should not repeat please,neutral,negative,0.9714165925979614
great app for traveling,positive,positive,0.9776262640953064
was so great <url> but <url>,negative,neutral,0.9546216726303101
it's a nice app,positive,positive,0.9617942571640015
i love this service,positive,positive,0.8935710191726685
larry delaney like it,neutral,neutral,0.8439901471138
not working with google messenger,neutral,negative,0.9498521685600281
"i am enjoying the app very much, it was recommended by my nephew and it is everything that he said it would be!!",positive,positive,0.9852902889251709
really only works with small documents and even then runs into freezes on motorola droid. no page jump which for books is necessary,negative,negative,0.5964542031288147
"i used to really love this app until it started killing my trees just for receiving a notification that i hadn't opened yet. advanced detection is not on. may as well turn the phone off, but i use it for music.",negative,positive,0.520936906337738
crashes immediately after startup - can't use it!,negative,negative,0.995184600353241
can't login to bbm,negative,negative,0.9852591753005981
an very much useful application,positive,positive,0.9475401639938354
works great except a few things,positive,positive,0.9525009393692017
"<salutation> awful interface lacking any true customisation, yet another chat app that brings nothing new to the table and steals ideas from discord, an exercise in reinventing the wheel which hasn't been updated in years and crashes all the time. also i wouldn't trust this app if you value your privacy. avoid like the plague.",negative,negative,0.995746910572052
good for editing bad for storage,neutral,neutral,0.9189271926879883
"it's <url> only downside is can't make just any emotion, but overall great",positive,positive,0.9890250563621521
used to work . please fix,negative,negative,0.9929630160331726
it would be great if there's a feature where i can sort my files in folders because it is irritating to find a certain file in my sea of different subjects.,positive,positive,0.5221611261367798
one thing that uc devs definitely do is to remove ads and news <url> page is annoying if we want to read then will go in news site,negative,neutral,0.7213814854621887
nice to be back,positive,neutral,0.5207444429397583
"in all, we have to check this.",neutral,positive,0.989162802696228
freezes on some files,neutral,neutral,0.9881885647773743
cannot save progress without spending money.,negative,negative,0.9942857623100281
greatly helpful. i like it,positive,positive,0.9855743646621704
can't even spell sydney right,negative,negative,0.9949058294296265
can't even create an account,negative,negative,0.9936485886573792
nice app but you put extra features in this app but app is good,neutral,positive,0.9698081612586975
"good, but better without all those ads like other free messengers such as whatsapp, telegram, etc",neutral,positive,0.9726927280426025
wow. useless. hated it. <number> stars. (if i <url> ),negative,negative,0.9956446886062622
"bloated, glorified chat. i use it because my company obliges me to do so.",negative,neutral,0.5008105039596558
it dors ansolutely nothing. wastef my time!,negative,negative,0.995342493057251
superb editing in this,neutral,positive,0.9855495095252991
"generally very good & helpful, with some good prices. free cancellation option is extremely useful.",positive,positive,0.9878913164138794
"the ""i'm listening to"" <url>",positive,positive,0.9319198727607727
"solid app, but lacking in the tablet ux area",positive,neutral,0.993243396282196
let people to create more characters,neutral,neutral,0.92948979139328
app is good brower is so fast but news section in uc brower is the worst thing in the world,neutral,neutral,0.9739063382148743
"it is good easy to use , but why i have to download opera browser to download any videos from uc browser please fix this problem .",neutral,neutral,0.5672789812088013
it worked better before the <url> anything posted is hard to see and get to.,neutral,negative,0.6418287754058838
can't apply for instagram. please updated,neutral,negative,0.9931649565696716
image size goes from <number> mb to <number> kb else fine.,neutral,neutral,0.9864243865013123
please enable apps <number> sd immediately. <signature>,negative,neutral,0.8548704981803894
like the app but the don't update rainfall very often.,positive,neutral,0.8811927437782288
i liked <url> the size of this app is <url> is better,positive,positive,0.782642126083374
this app is extremely bloated. for the functionality provided it should fit within <number> mb without issues.,negative,neutral,0.9812260866165161
half assed. uninstall! droid ally,negative,negative,0.9957838654518127
quite nice - would be useful to edit posts from mobile,positive,positive,0.9874003529548645
app <number> f. temp <number> f,negative,negative,0.9906790852546692
too many update it's annoying,neutral,neutral,0.9818034172058105
not responding to phone calls or emails. no customer service at all.,negative,negative,0.9747588634490967
thanks for fixing the problem,negative,positive,0.9795593023300171
room rate at times is misleading subject to additional charges,neutral,neutral,0.9905133247375488
access to files/photos/media,negative,positive,0.5809667706489563
"best messaging app, not so great for file sharing though",positive,positive,0.983242392539978
they want to much access,neutral,neutral,0.9438412189483643
"would love more clothing choices, glasses and skin tones.",neutral,positive,0.9854456186294556
line freecall is better than bbm freecall,neutral,neutral,0.8845936059951782
this app very nice & use very easy,neutral,positive,0.9868515133857727
make the dp full hd,neutral,neutral,0.9789770841598511
good if it doesn't has annoying news banners,positive,neutral,0.9041851162910461
please make the lite variant of this app for smartphones with less storage.,negative,positive,0.8116266131401062
age group <number> to <number> years old,negative,neutral,0.8241540789604187
takes a lot of space,negative,neutral,0.9362287521362305
trible app. ui is horrible.,negative,negative,0.9957489967346191
loved the app very much,positive,neutral,0.43943119049072266
this bbm is not working on my galaxy s <number> edge why,neutral,negative,0.9954220652580261
it's great <url>,neutral,positive,0.9673092365264893
where is option for timer,negative,neutral,0.9866449236869812
well not. so good work but. some what.,neutral,neutral,0.9588029384613037
this could be great <url>,neutral,neutral,0.9412325620651245
take too much space or ram to run,neutral,negative,0.5967085957527161
very useful. ive used the app many times in the last few years. hv even referred others by telling them directly. wish full address address of property could be included even before booking. thats my only complaint.,positive,positive,0.9880526065826416
i love it but she doesn't look like me after making so many changes!!,positive,positive,0.9195788502693176
"it's ok, but since it appears to have basic reflow why can't we have white text on black background to save battery?",neutral,neutral,0.9820321798324585
great!!! amazing tool for textbooks in pdf <url> i use it on my lenovo tab <number> <number> plus and it works awesome. most of my medical textbooks converted in pdf run absolutely fine with this app.,positive,positive,0.9874609112739563
bothering me for a rating,neutral,neutral,0.9671807289123535
it works great until you need to use another app. even when i whitelist apps my tree still withers,neutral,neutral,0.9793483018875122
good weather overview. occasionally buggy (no pun intended).,positive,positive,0.9843368530273438
when it works is great,neutral,neutral,0.9840647578239441
radar map doesnt work at all since last update. please fix and get <number> stars,negative,negative,0.9958546161651611
"how do i use on facebook,?",negative,positive,0.5252806544303894
used to be my favorite app,negative,negative,0.9824702143669128
its all good except for one thing.,neutral,neutral,0.9328294992446899
to good to be true,positive,neutral,0.9488216638565063
this app is useful for me,positive,positive,0.9849719405174255
"only worked for a day, then the app would never open and kept saying there was a error. uninstalled the re-installed <number> times never worked again",negative,negative,0.9956545829772949
not able to open pdf's downloaded to sd <url>,negative,negative,0.990068256855011
slow and crashes dinc v <number> . <number>,negative,negative,0.9891633987426758
"easy to use, fairly accurate!",positive,positive,0.9808292388916016
its a usefull app for informal office communication.,positive,positive,0.989535927772522
"facebook face detection doesn't work, so you have to start from scratch. also not enough selection to choose from.",neutral,negative,0.9523209929466248
more than one and add more stuff. (stuff to make the avatar),neutral,positive,0.9830816388130188
i can't play it that sucks,negative,negative,0.9950066804885864
crashes during import htc one m <number>,negative,negative,0.5706616640090942
does exactly what it says. i like it.,positive,positive,0.9888277053833008
i think this app is good,positive,positive,0.9759677648544312
great app. free cancellation should be indicated per hotel before booking.,positive,positive,0.9806836247444153
"it's great for pdf, i only wish it supported other book formats like epub or mobi",positive,positive,0.9142731428146362
"stopped working and deleted everything after a week, pretty poor i'd say",negative,negative,0.9903662204742432
"a couple days ago, started telling me it can't attatch the emoji to my texts, that just stinks! i have a galaxys <number>",negative,negative,0.9953144788742065
overall very useful app. i only don't like the fact that also sold-out hotels are shown. can be quite frustrating.,positive,positive,0.9634007811546326
works well. it could have been better if approximate dates were allowed in search form.,positive,positive,0.9878222346305847
still not as good as it could be!,neutral,neutral,0.9795536994934082
for more information about this review go to <url>,negative,neutral,0.9216813445091248
its been <number> years im using uc browser i gave a feedback that in uc browser we can't download videos directly to sd <url> have given a feedback about this past <number> years back but still uc team have not sloved my <url> service i request google team to please remove this uc browser from google <url> dnt need this kind of careless team ..,negative,negative,0.9953261613845825
awesome app to find any <url> it,positive,positive,0.9772854447364807
ok permissions fix. i've updated and given back two of the four stars i'd dropped.,neutral,neutral,0.9885945320129395
i love the idea but can we get a weekly forest too?? that would be quite motivating!,neutral,positive,0.9838849306106567
it's very good for edit photos and make photos and make a design of any things,positive,positive,0.9895050525665283
"i really love the lightroom software for laptops and other devices, but i don't find the app really convincing when compared to the software as you just miss so many options in the app",neutral,neutral,0.7967601418495178
"latest version is <number> . <number> . <number> , last updated on <number> th september <number> . uninstalled as abandoned. desktop is already at <number> . <number> .",negative,negative,0.994968593120575
just click the back button and my tree will still <url> and i don't think i have the whitelist edit- i think your tree only dies when you open another app that isn't on your whitelist or else the list is <url> am i wrong?,positive,neutral,0.7766526341438293
adobe products are awsome,positive,neutral,0.9845132231712341
latest update fails to install with 'unknown reason - <number> ',neutral,negative,0.9894487857818604
"the app syncs messages too slowly and marking messages as ""read"" is buggy.",neutral,neutral,0.9922906756401062
"great service, terrible app. the app doesn't seem work with mobile internet which makes it mostly useless.",negative,negative,0.9949367046356201
now <number> % harder to use,negative,negative,0.9943410158157349
marginal but still better than others i have tried.,neutral,neutral,0.7660267353057861
the app doesn't provide multiple tabs at a time. it would be great if its possible.,positive,positive,0.7572752833366394
good app and uesfull,negative,positive,0.9648109674453735
only hate the <url>,positive,negative,0.5351285934448242
"i was using it every day and i think it was brilliant, even upgraded to paid version but since last update i haven't been able to access it at all as it keeps crashing. please fix it.",neutral,neutral,0.5859763026237488
wont work for saml integration,neutral,negative,0.993408203125
good but ads are annoying,neutral,neutral,0.6115792989730835
"app works fine, but it is very disappointing that there is no possibility to just use the map to find available accommodation. you always have to fill a place to search, but mostly i just want to browse and see what's available, regardless of the location.",neutral,neutral,0.944094181060791
worst app and if it is install u r phone become a virus attack,negative,negative,0.9954184293746948
not what i'd expect from the creators,neutral,negative,0.9906418919563293
"won't leave my facebook, like a <url>",negative,negative,0.9955037236213684
ads is an inconvenient thing so far,positive,neutral,0.9527499675750732
"i like the interface , it's really good. for me, i feel it would be nice to have a look up option when we right-click on words . it's functionality is to link up words to our dictionary apps. <signature>",positive,positive,0.9894815683364868
good but many <url>,positive,neutral,0.7716547846794128
requires photos to be imported into lightroom. i know this has how the desktop version but wish the mobile version was faster and easier to use.,neutral,positive,0.9200419783592224
miss tabs to move between open docs. otherwise is fab.,positive,positive,0.7419632077217102
"they stole from me i wanted a refund and because the manager of the hotel i chose treated me indifferently all because i wasn't <number> and so i emailed their "" <number> hour customer service"" and never got helped. lost $ <number> . don't use this app it is a trap.",negative,negative,0.9953727126121521
my ag fans love the photos i do,positive,positive,0.981964111328125
this app would be perfectly awesome if it worked with the keyboard on my tablet so that i could use it in facebook when i <url> without white backgrounds,neutral,positive,0.9469735622406006
"why my friends can retract or delete their messages, while i can't? i don't know what bb phone or android they have.",neutral,neutral,0.9883225560188293
it sucks non free things to choose from,negative,negative,0.9944500923156738
this is very good app for downloading,positive,positive,0.9737019538879395
not accurate information all the time,neutral,negative,0.9505993723869324
cannot show my reserved bookings,negative,neutral,0.9659186005592346
i love this app,positive,positive,0.3785850703716278
my company forces me to use this app.,neutral,negative,0.9945895671844482
it's hard to cancel a booking when <url> to use,neutral,neutral,0.9901722073554993
won't open email attachments,negative,negative,0.9953567385673523
couldn't find a better suited search app. compliments to the team. trivago couldn't find these many options.,positive,neutral,0.7896191477775574
"simple to use, don't seem to be able to see complete booking information",positive,positive,0.9722855091094971
absolutely one of the <signature>,positive,positive,0.9840909838676453
i like the reading mode specially. but sometimes it crashes.,positive,positive,0.9860623478889465
sounds and digital mixer cansol,positive,neutral,0.9778854250907898
"lacks a lot of basic features such as bookmarks and ""goto page"". thinkoffice does a better job.",negative,neutral,0.9935653805732727
much better than asana,positive,positive,0.9557682871818542
better on my windows phone,negative,neutral,0.9345722198486328
it's good but always show on screen when i switch on my home screen,neutral,positive,0.9046509265899658
this app is my go to when i need to know about the weather.,positive,positive,0.9888020753860474
"okay but not great, and not really improving",neutral,neutral,0.9854972958564758
it should have pause option,neutral,neutral,0.9773674607276917
"all is good in this app except i couldn't see any hdr option while clicking photos, may be since i use oneplus one, which also has high processing power and advanced chipset enough to support this app. so they should support many more devices like this! hope the support arrives in next update itself.",neutral,neutral,0.987149715423584
"professional app , useful for office purpose , easily connect to office by mobile but too much heavy unable to send messages on slow network.",positive,positive,0.9816809296607971
update is not starting after clicking on update button,negative,neutral,0.9441396594047546
hate it since the update,negative,negative,0.9951887130737305
tired of getting ripped off.,negative,negative,0.5040401816368103
had to sleep in the truck!,negative,negative,0.9948667287826538
radar stopped working. i would've given <number> star rating if it worked.,negative,negative,0.988714873790741
worst experience in goa,negative,negative,0.995191216468811
like it because it syncs better,positive,positive,0.921766996383667
i can connect to my friends.,positive,positive,0.9885796904563904
i love this app,negative,positive,0.3785850703716278
fantastic app for downloading and easy to use,positive,positive,0.9726160168647766
"unable to change alert sound. not in options. unable to enable alerts per channel, on all or keywords and direct. closer to a beta than an app.",negative,negative,0.8571590781211853
so much fun! makes people laugh.,positive,positive,0.9808781147003174
similar to all other photo editing apps. doesn't stand out from ythe rest.,neutral,neutral,0.9890099167823792
the quality of display picture is so bad,neutral,negative,0.6530910134315491
this app is very fast,neutral,positive,0.9821037650108337
dear friends do not install this browser. this browser is pathrtic <url> will ads and ads on this .really annoying,negative,negative,0.9807804226875305
please fix so i can type!,negative,neutral,0.979914128780365
able to provide sufficent info regarding hotel that want to be rent,positive,positive,0.9885802865028381
they make you pay to create an account!! this is outrageous.,negative,negative,0.9946993589401245
"it's a great concept for assosiating a reward to focus for those of us who struggle; however, my tree withers when someone phones me and i don't answer which is obviously a piss off.",positive,neutral,0.9589616060256958
really a very good app,positive,positive,0.9832862615585327
awesome app! it will be better if you sync all your timers on your phones and chrome/mozilla extension. because i have to start to plant on my <number> phones and my browers when i'm working when you can do it just once and all your timers will start automatically. i hope you do it!,positive,positive,0.9714865684509277
this app is very nice,positive,positive,0.983210563659668
"this app is super cute! my only complaint is that there is no piercing section! i have <number> piercings and would really like to at least have a nose ring! or maybe earrings? also think you should be able to customize outfits, like pick a shirt, bottoms, and shoes! instead of just the premade outfits.",positive,positive,0.9903348088264465
"app is okay but has superfluous things that i will never use. including every option is okay but the ideal app would allow for complete customization of components and page information that is pertinent to the user and where they are located. additionally, collecting metrics on what users actually use versus what is weak allows for improved development of the weaker app areas. that said, i have used this app for a long time with little cause for complaint.",neutral,neutral,0.7222267389297485
could you please add an option for exporting photos using the png format? it would be very handy.,neutral,positive,0.985774040222168
i like the reflow feature. but useless for me as i can't search nor skip to a specific page (have to scroll through entire books),negative,neutral,0.987667977809906
"simple yet effective. would be great if the app had more customisation options like moving the plants around, changing the colour etc.",positive,positive,0.9870124459266663
uc brouser is <signature>,positive,positive,0.9032407999038696
not starting since last update. please see to it. i gave <number> star so you can quickly check my issue. my phone is note <number> neo n <number>,positive,neutral,0.9757600426673889
doesn't work properly on nova launcher,neutral,negative,0.9935703277587891
"useful, informative and helpful <signature>",positive,positive,0.9839667677879333
still no floating head!! disappointed,negative,negative,0.9573289155960083
this app sucks now,negative,negative,0.994242250919342
it can't find my photos,negative,negative,0.995429515838623
what happened to my little shortcut!? or used to stay open in all my messaging <url> now it's gone!!,negative,negative,0.9863366484642029
stable and functional but not totally user friendly.,neutral,neutral,0.6793797612190247
this is good <url>  downloading movies but many. ads are come in between browsing,neutral,neutral,0.8111893534660339
i don't like the company not the app,negative,neutral,0.9823349714279175
"great app but would love to have better clothing styles. maybe peacoats, pencil skirts etc. <signature>",positive,positive,0.9882338047027588
radar map will not move. it hasn't been accurate either.,negative,negative,0.9951274394989014
"simplistic, designed to exceed expectations and overcome limitations.",positive,positive,0.6696017384529114
<url> sometimes it's gone <url> hate slow,neutral,neutral,0.9387056827545166
"i would use it more but i dont like that it has to start a new message, would be better if it would just add to the convo on the screen",neutral,neutral,0.9880537390708923
very bad app. it is forcing to instal. i think it is a virus.,negative,negative,0.9953323006629944
better if no trial period and unlimited use for free,positive,positive,0.7035762071609497
great but needs presets access,neutral,positive,0.9834766387939453
each time it simply keeps saying that my phone has <url> disgusting,negative,negative,0.9916990995407104
keeps documents in line. i really like this application!,positive,positive,0.9879845380783081
anyone video download stop and very slow download,negative,neutral,0.914629340171814
used to work but no longer does. writing this review while my is growing :/,neutral,negative,0.9742857217788696
limited options but fun,neutral,neutral,0.7607312202453613
would give better but have'nt used much yet,negative,neutral,0.6905829906463623
"app ok, but temp doesn't update in notification bar",neutral,neutral,0.9912096261978149
no way to redeem tickets.,neutral,negative,0.9943901896476746
"silly app , it would let me open google while it will kill the plant if i open calculator or dictionary",negative,neutral,0.8150523900985718
"wow, such a pos!",negative,positive,0.9716156721115112
is a great app but since the update a couple of days ago i can't get radar to work. tried uninstalling and reinstalling but doesn't work.,positive,neutral,0.9546343684196472
"i hate start up with system, i don't use it frequently",negative,negative,0.9884694218635559
push notifications not working,negative,negative,0.9798168540000916
good combination with acrobat reader. it's quite clear,positive,positive,0.9883617758750916
nice. update it to be more digital. very clear,positive,positive,0.9867738485336304
nice but sometimes hanging,positive,positive,0.9517607688903809
still getting to know it,positive,neutral,0.525346577167511
i use it for reading articles and it's fine. would be useful to be able to open two articles at once for cross reference but otherwise happy with the app,positive,positive,0.989177942276001
its better than others,neutral,positive,0.7261196970939636
does not work. in play store not listed as trial .come on adobe you stop down loads from your services now products do not work and listed as free we hen really a trial,negative,negative,0.9937187433242798
almost a good editor,positive,positive,0.9678987264633179
not able to download new <url>,neutral,negative,0.9903032183647156
"so i create a pdf using an adobe program, then send it to my phone to see what it looks like, but it won't open! pretty lame if you ask me.",negative,neutral,0.9763807058334351
sometime can't change display picture at asus zenfone <number> . please fix,negative,neutral,0.8790242075920105
really nice concept but on android it just keeps hanging and eventually crashing.,negative,neutral,0.9322259426116943
doesn't work on my phone. always error,negative,negative,0.9958053827285767
slackbot opens every time i start to type a reply in the app. started happening with the last update (note <number> ). why can't we disable slackbot? <number> star until we get this ability.,negative,neutral,0.6265500783920288
"complex app that covers all sorts of things related to travelling, maybe too many",positive,positive,0.9856624007225037
great and more awesome,positive,positive,0.9593665599822998
not what i asked for,negative,negative,0.9930960536003113
i wish you would show canadian maps,neutral,neutral,0.6186396479606628
you don't allow to take in-app screenshots?,neutral,negative,0.7911160588264465
how about date birth,negative,neutral,0.9063410758972168
"works great, other then not being able to delete content directly from phone.",neutral,positive,0.9884174466133118
can't copy/paste or add keyboard to android,negative,neutral,0.9325498938560486
can't even create a account tried more than <number> times,negative,negative,0.994621753692627
fast and good but missing features.,neutral,positive,0.9670788049697876
cannot get rid of floating head in my messages and it's driving me mad. i've had to uninstall the app to get rid of it &gt;:-/,negative,negative,0.5657985210418701
"love this app. i use it to study, but i answered a phone call and it wilted my tree. i can't really help when i receive phone calls. this one had to be answered and now i have to look at a wilted tree in my beautiful forest. i am upsetti spaghetti since i'm a perfectionist",positive,positive,0.9709796905517578
this app is slowly work,neutral,positive,0.6881853938102722
no instructions on how to delete files/pages viewed.,neutral,negative,0.863582193851471
it helps a lot.,positive,positive,0.9852563142776489
"need to improve performance, usablity, and <url>",neutral,positive,0.5976372361183167
multiple image share option is missing,neutral,neutral,0.5738969445228577
"i like the functions, but",neutral,neutral,0.819048285484314
why don't you just block us all?! =d =d =d,negative,negative,0.9887752532958984
easy to find hotel,neutral,positive,0.9310227632522583
"if unexpected crashes negleted, it is so far the <signature>",positive,neutral,0.6208640336990356
used to love it,negative,negative,0.962235152721405
"i love this app but with the latest update it died when i used a white listed app, and when i checked my whitelist i couldn't scroll through or change anything which was weird. plz fix this and add more trees!",positive,neutral,0.8122185468673706
very good mobile phone photo editor,positive,positive,0.9873896837234497
keeps telling u to turn on the access then brings u to the settings page and even aft you check all the boxes doesnt take you back to the app. and continues to keep popping up disrupting phone usage. app doesnt work properly,negative,negative,0.9953939914703369
app is faster but stucks mobile pleas fix it up,positive,neutral,0.9484624862670898
"should have ""seen"" feature",neutral,neutral,0.9737701416015625
"can not zoom in or out, plis fix",neutral,negative,0.6219223141670227
nice idea and interface but finding friends doesn't work on android,neutral,neutral,0.9909639358520508
white list is so frustrating!,negative,negative,0.992141604423523
need <url> saving to gallery issue adding photo issue,neutral,neutral,0.9727029800415039
the live doppler doesn't work since i updated,negative,negative,0.5481963753700256
very ugly and difficult to use platform. i do not suggest it. very bad,negative,negative,0.9949991703033447
recent update be unstable and loading so late,neutral,negative,0.8789082765579224
would give <number> stars if you blocked the facebook messenger bubble as well,positive,neutral,0.9452196359634399
it's a good overall weather app. do miss the traffic cam.,positive,positive,0.928668737411499
really hard to navigate.,neutral,negative,0.8834173679351807
they don't refund difference if room is cheaper,negative,negative,0.9845008850097656
"works most of the time. freezes sometimes while trying to open a document, but just restart the app and it's good to go.",positive,neutral,0.7081038951873779
my friend show me it on tumbler it's amazing <signature>,positive,positive,0.9675580263137817
would of gave it <number> stars if i could. i just figured out that this app was using <number> % of my battery life and i never even use the app. sucks really bad.,negative,neutral,0.9018936157226562
"you ruined the icon, we said ok. now you are ruining the background color too. stop changing, no one was complaining!",neutral,negative,0.9944543242454529
should have been a <number> star but why's the android version lacking local adjustments that the ios version has. i can understand that there may be delays among platforms but it's already <number> months behind!,neutral,neutral,0.9833114147186279
nothing i want from this app,negative,negative,0.61044842004776
so great until today,negative,negative,0.4907779395580292
it would be nice if it had it on like whatsapp for android but you have to download another app to access that <url> yeah but it's good,positive,neutral,0.5851086378097534
high quality images turns into low quality,neutral,neutral,0.9760441184043884
"it doesnt work, the screen flashes on and off and it wont open",negative,negative,0.9954984188079834
no retract in options,neutral,neutral,0.9739190340042114
last position read somewhat flawed,neutral,neutral,0.992252767086029
get <number> days free trial. nice. to try it i need to be able to access photos that store to my sd card. i do that so i have room on my phones internal drive. waste of time,negative,neutral,0.9353530406951904
does not support to open pwd protected document,neutral,negative,0.978384256362915
got rid of the irc gateway. this was why we used slack. uninstalled.,negative,negative,0.9938769936561584
more theme and customization <url>,positive,positive,0.9704667925834656
some items don't work!,neutral,neutral,0.9870720505714417
map animation still has bug.,negative,neutral,0.9708423614501953
"ignores some files, loads a few others",neutral,negative,0.6343348026275635
it's not as good as it used to be,neutral,neutral,0.597003698348999
"good, but needs things",positive,positive,0.5127109289169312
not working properly on samsung galaxy a <number> .,negative,negative,0.9950031638145447
views pdfs better then stock app but it doesn't see pdf's on sd card,negative,neutral,0.9923045039176941
no way to get rid of ads on terrible screen layout.,negative,negative,0.9950120449066162
required an account. i want an app to edit pictures on my phone. the online storage and synchronization should be an optional feature; not a requirement.,negative,neutral,0.9845411777496338
ok with local weather love the thunder part of the app,positive,positive,0.7588896155357361
trivago the tru app,neutral,neutral,0.6426697969436646
add a floating notification,positive,neutral,0.7971497774124146
why i can not share video on bbm group; too many update but no significant effect,negative,neutral,0.9900122880935669
limited options for search,negative,neutral,0.9924238920211792
good for messaging not for calls,neutral,neutral,0.983159601688385
"it's available when i need it and it's more accurate than other weather apps i've tried. update(jan <number> ) <url> recent california winter has been crazy, and frankly this app has let me down with inaccurate forecasts for most of it. comparatively, the google now app is more accurate. maybe the sensors in my area are just bad. when it's fixed, i revisit my review.",neutral,neutral,0.9892555475234985
you could add a bit more features. birthmarks scars moles etc,positive,positive,0.928341269493103
i am using it before <number> years,positive,neutral,0.7141707539558411
like many sites if you visit a chosen hotel more than once or twice the price rises!,neutral,positive,0.9463518857955933
amazing experience so far with this. iam being familiar with it.,positive,positive,0.9562307596206665
doesn't save properly half the time and definitely could use some more filters.,negative,neutral,0.8611070513725281
why is the iphone app so much better!,negative,neutral,0.6946858167648315
"browser not opening sites, it just ideal.",negative,neutral,0.983130156993866
"continuous crashing, won't even open now.",negative,negative,0.9952847361564636
they forced me to rate them so i docked a star.,neutral,negative,0.994178056716919
lame. doesnt work for samsung intercept,negative,negative,0.9953793287277222
of mice and man,negative,negative,0.7937219142913818
only thing missing is custom notification,positive,positive,0.983673095703125
video cant open after click tha video,negative,negative,0.9951996803283691
weather animation has stopped and will not start. has been off nearly <number> weeks.,negative,negative,0.995431661605835
"i just came here because this app was featured on silicon valley, looks like a great app with an attractive interface.",positive,positive,0.9850795269012451
it's okay except for i have a lg phone and it doesn't work that well with the lg phone,positive,neutral,0.9859673380851746
cannot open or detect image file imported from nikon <number> j <number> camera which has .jpeg <url> i had to convert it first or use another photo app editing and save <url> so lightroom could detect the file <url>,neutral,neutral,0.9914306998252869
having trouble downloading the app,negative,neutral,0.9475796222686768
i can't sent it through my messages to my contacts. only through facebook and that is absolutely ridiculous. this app sucks,negative,negative,0.9955050945281982
very quickly reservation done.,positive,positive,0.9804588556289673
<salutation> please give setting to turn it off,negative,neutral,0.8656350374221802
fantastic app to track lighting! the rest of the app is the same as any other really. but in fairness i do not use the rest of the app.,positive,neutral,0.9892210960388184
service is good but app is not much android oriented,neutral,neutral,0.9906083345413208
this app is better,neutral,positive,0.9674948453903198
the improvement are a lot better but it would be nice to be able to send large mp <number> or mp <number> files via bbm.,positive,positive,0.9825382232666016
viuggg hang with my life in your help me a lot and then you have any attachments may contain information contained herein including attachments if it would love the way i will have been sent me a new one day i was thinking about my life in your,positive,positive,0.84897780418396
can't get to work for motorola droid,negative,negative,0.9946539402008057
bad for the aap is hanging,neutral,negative,0.9950567483901978
its really <url> though remove the trial days remaining,positive,neutral,0.8589497208595276
horrible radar. constant storm alerts with no storms around,negative,negative,0.9954256415367126
cool idea pain da butt to use then at times wont work <url>,negative,neutral,0.9717044830322266
new update v <number> . <number> crashes all the time,positive,negative,0.9960556030273438
"it's okay (at least, freebies now included) <url>",neutral,neutral,0.9627667665481567
only <number> stars since it will not let me delete any files. please fix.,neutral,positive,0.6422359347343445
does what it is supposed to do and does it well.,positive,positive,0.9631029963493347
"very useful, but has a few annoyances",positive,positive,0.9584490656852722
can't download <url>,negative,negative,0.9197835326194763
"generally a good pdf viewer. i love the reading mode that reflow text and adjust font for better reading experience. the only problem, or i should call it a bug, is that it seems like this mode hates to see <number> letters ""f"" & ""i"" being together. for words like ""find"", ""first"", ""prefix"", etc. you will see only ""nd"", ""rst"", ""prex"", etc.",positive,positive,0.9729672074317932
no support for paid ad-free version,neutral,negative,0.9608985781669617
i like this app,positive,positive,0.8788691163063049
used to use it for studying but after reacent update it won't open. please fix,neutral,negative,0.8652275800704956
last update is a disaster,negative,negative,0.9952502250671387
would be better if emoji's didn't disappear when new ones are added,neutral,neutral,0.6194223761558533
good for basic stuff,neutral,neutral,0.9184485077857971
fun but android needs more options!!,neutral,neutral,0.9686380624771118
"the usual mediocre bare bone pdf reader from adobe, totally lacking in functionality. repligo reader is better",negative,negative,0.9534085392951965
stays open in background,negative,neutral,0.9846753478050232
it's actually helpful.,positive,neutral,0.9788050651550293
good enough and satisfied result <url> its quite good aap,neutral,positive,0.9714117646217346
why songs are not downloading from the websites. there is always showing error. whenever i download some song. pls fix this bugg,neutral,negative,0.8761699795722961
booking is simple and straight forward.,positive,positive,0.9835397005081177
"a really good and practical app, however like every other app it still has room for improvement!",positive,positive,0.9893283247947693
excellent pdf viewer rendered unusable by the inability to jump to a page and by the fact that it doesn't remember where you were or bookmarks.,negative,positive,0.7153817415237427
good site but still faceing issue with hotel even we confirm through app,positive,neutral,0.8621107935905457
it took forever to download,neutral,neutral,0.9853282570838928
i've started using the lightroom camera to take all my photos in raw (dng) and i've noticed today that while out at <number> : <number> on <number> / <number> / <number> and taking pictures the time and date stamp on the images says <number> : <number> <number> / <number> / <number> . what's all that about? i can't change it so where does it get it's info from? also the preview does not show the correct colour. it does when using the slider but as soon as i let it go the image reverts back to a almost black and white.,neutral,neutral,0.9905776977539062
it's cute for younger people but i use it some. i'm <number> yrs old.,positive,positive,0.9415189623832703
"i had login throught google + <url> but i changed my mind and wanted to login through <url> so, i logged out !!! now, i cannot login back. the app is going back to registration page with the option to login to facebook !!! please look into the solution for this !",neutral,negative,0.9876089096069336
please could we have the option to install to sd card. what is the point in having a large sd card if it doesn't even get used,negative,neutral,0.9848402142524719
wont open at all,negative,negative,0.9938606023788452
good stickers allow users to express better. how come i cannot use bbm calls?,neutral,positive,0.8966670632362366
why pr have no radar????,negative,negative,0.988352358341217
before it can connect even the signal is weak now it needs more signal to connect,neutral,negative,0.9231136441230774
radar maps are all wrong,negative,negative,0.9901248216629028
it is fast downloading app,positive,positive,0.984160840511322
make it a zoo or fish tank,positive,positive,0.9318109154701233
waah!!! so nice app,positive,neutral,0.5638107657432556
why pay that price for tablet use,negative,negative,0.9939814209938049
good bit doesn't have the choices in search section for type of rooms such as not-smoking or soundproof ones or double-room etc.,positive,positive,0.9765961170196533
too slow at times,neutral,neutral,0.9861317873001099
it's very easy to use and all types of format documents easily opened,positive,positive,0.9869750738143921
can not sign in,negative,negative,0.9935833811759949
it makes team communication highly open and accessible,positive,positive,0.9883849620819092
when message is being sent it takes time to be received,neutral,neutral,0.9854428768157959
pretty accurate for the most part i think,positive,positive,0.9870492815971375
spark is about the only good thing,neutral,positive,0.7317817807197571
broke the upload photo feature,negative,negative,0.9846583604812622
best app but suggest download stop,positive,positive,0.9117285013198853
some hotels are a bit shady,neutral,neutral,0.9796562194824219
its fun to see you're own emoji !,neutral,positive,0.9780699014663696
its not so great as i expected it to be,neutral,neutral,0.9877563714981079
keeps going down n the ads r anoying,negative,neutral,0.934197723865509
it was good enough until i can't change my display picture,negative,neutral,0.9677730202674866
it's a trial. editing feature not impressive.,positive,negative,0.9794942140579224
love it <url> great job <url>,neutral,positive,0.881072998046875
used to be good,negative,negative,0.9372894167900085
very good and useful app,positive,positive,0.9814713597297668
"the app will no longer let me delete locations. uninstalled, and reinstalled and they are still there. frustrating.",neutral,neutral,0.9648405909538269
"buggy, ambigue and less features",negative,neutral,0.9871747493743896
"this has helped my productivity a lot. i've only recently started experiencing issues with it. before, the app used to count extra time i went without using my phone even after the <number> min mark. it was really gratifying to see how much longer i was able to last + it contributed to my forest and my overall focus count. but now it isn't doing that? so it kind of discourages me from continuing to work past the sound of the timer even if i feel like i could. if it's possible, please do something about that.",neutral,neutral,0.9814729690551758
"zooming slow, okay otherwise",neutral,neutral,0.9928739070892334
"fix zoom in attached images! it doesn't work first <number> seconds the image open, and for gif it doesn't work at all. and is that tat hard to add rotation you've ""planned to add"" a year ago? where's a font size setting or guesture scale sor chat?",neutral,neutral,0.6360353231430054
when will the local adjustments tool be disponible for android users?? hope it's included on the next actualization !!,positive,neutral,0.9899731874465942
just started using it !,positive,negative,0.8501738905906677
so cute. wish it were easier to access via other apps,positive,positive,0.9582997560501099
really like the way this app has evolved from it's first version. please add android wear notification service asap. its really easy to add and people are badly missing it.,positive,positive,0.9894129633903503
"good on mobile devices ,simply good on move",positive,positive,0.7382234930992126
need to avoid unwanted ads and also enhance the downloading speed. overall nice app.,positive,positive,0.9883283972740173
"i really like this app and is what i go to when i start loosing concentration. i wish there were more stats and plant types, also more beautifully animated and things that change <url>",positive,positive,0.9896035194396973
was <url> now radar broken,negative,negative,0.9956651329994202
booking bait and switch,negative,negative,0.9929243326187134
this seems like it would be cool,negative,neutral,0.9519060254096985
cannot see my photo's on device,negative,negative,0.9167726039886475
so far so good!! i love it.,positive,positive,0.9488572478294373
"such an intrusive browser, coming from china. it can't be trusted with your online activities. indians, be aware.",negative,negative,0.99488765001297
hi i download this app he is the very good app,positive,positive,0.9776239395141602
where is the download process,positive,neutral,0.9861915111541748
brill so easy to use,positive,positive,0.9711939096450806
the app isn't working on the note <number> . i'll update my review if/when it works.,negative,negative,0.992763340473175
"""you have cancelled your entire <url> ""???",negative,negative,0.995452880859375
it good for local german reports nearly as good as <url>,positive,positive,0.9101564288139343
does what i need it to,neutral,positive,0.9852746725082397
it's good for communication,neutral,positive,0.9515694379806519
it sometimes sends the wrong <url>,neutral,neutral,0.975515604019165
please add the feature of sharpen and blur,neutral,positive,0.9735723733901978
notifications aren't working???,positive,negative,0.9798557758331299
lag while zoom in/out,positive,neutral,0.9872120022773743
had some slowness issues?,positive,neutral,0.9918293356895447
awesome app one of the <signature>,positive,positive,0.9781970381736755
it does great and gives accurate weather information,positive,positive,0.9884883761405945
bogus . there are several aps much useful,negative,positive,0.9674614667892456
'no notifications' doesn't work.,negative,negative,0.9948731064796448
great app for managing hotel reservations on the go. it's also nice to earn rewards for frequent stays. i think this is the <signature>,positive,positive,0.989291250705719
app keeps crashing. unable to open after latest update.,positive,negative,0.9955201148986816
always update but nothing improve,neutral,neutral,0.9545674324035645
"great concept, poor implementation",neutral,neutral,0.7996060848236084
contact picture not show.,negative,neutral,0.7090290784835815
canon cr <number> support please,neutral,positive,0.552352786064148
this thing is a trap! it will take your money,negative,negative,0.9932286739349365
"the icon re-design is a tremendous eye-sore more fit to be the face of a pharmaceutical firm, and they didnt put any extra effort into making the app on any of the platforms, leaving gaps in design. no dark mode, no voip, no collapsing the sidebar on ios or windows. i use it because my friends do.",negative,neutral,0.9675425887107849
"just need an option to mute notifications (some of us work different timezones and like sleep), other than that it works pretty well!",positive,positive,0.9868790507316589
good for net work download,positive,positive,0.673153817653656
i want this feature,positive,positive,0.9789801836013794
content rating: low maturity,positive,neutral,0.9046061038970947
this application doesn't work in my handphone,negative,negative,0.9955763816833496
slack chat is good,positive,neutral,0.5895945429801941
i find the user experience superior to other apps.,positive,neutral,0.6133307814598083
"great app, needs better ui on reviews",neutral,positive,0.9659931063652039
great new camera in-app,positive,positive,0.9609071612358093
would be <number> <url>,negative,neutral,0.5194532871246338
it's a good application,neutral,positive,0.9784327745437622
"five star service, two star app",negative,positive,0.6796728372573853
everytime my phone went on sleep it killed the tree and became completely pointless because i would've had to tap my phone every <number> seconds to keep it from locking and killing the tree.,negative,negative,0.9956693649291992
bbm isnt the <signature>,neutral,neutral,0.6920842528343201
can you please give a little speed more on download,neutral,neutral,0.8484830856323242
need support for .cr <number> format,positive,positive,0.6135815978050232
"unecessarily complicated and cumbersome. it's so difficult to create new workspaces and move people from one to another. if you don't have someone's email address memorized, good luck! this app has a long way to go to be truly useful every day. in addition to the above, notifications are a bit of a nightmare. i've missed out on a lot of critical messages because notifications just don't work when they need to. i've run out of room for feedback but i could go <url>",negative,neutral,0.9828885793685913
i'm surprised hdr is not supported on the huawei nexus <number> p. i realize it is isn't as new as the pixels but it's still a pretty fast phone.,neutral,positive,0.6771706342697144
where is the bookmarks?,neutral,neutral,0.7828241586685181
"love this app, developers have been brilliant at fixing bugs and the feedback system is great!",neutral,positive,0.9748746156692505
i want to give this app <number> <url>,negative,neutral,0.7334237694740295
cant even sign in or sign up,negative,negative,0.9929063320159912
"very nice weather app. would like to see more detail on air quality, pollen, etc",positive,positive,0.9888407588005066
simple to use. nice option to search via map,positive,positive,0.9801409840583801
what a huge step backwards for useability.,negative,positive,0.8863627314567566
it is what it is!,neutral,positive,0.4914776384830475
"+pinch zoom, +++reflow text, --render speed on scroll, ---should find all pdf including dowloaded by browser, --no search, ---no images in reflow",negative,negative,0.9927655458450317
this app keeps killing my tree whenever i off my <url> this is so bad. i ended up kore time restarting the timer.,negative,negative,0.9957610964775085
website offers better and more search options.,negative,negative,0.6480667591094971
i love this browser,positive,positive,0.5393656492233276
not always perfectly accurate. i like the hourly forecast.,positive,positive,0.9884794354438782
mobile notifications not working,neutral,negative,0.9920065999031067
cannot unlock password protected ebooks. can't even interact with links or buttons. worthless for password protected ebooks.,negative,negative,0.9955297112464905
this app is an nice good for everything i need but they are problems u must fix,positive,positive,0.9347942471504211
getting worse than before,neutral,negative,0.9674018025398254
it's easier and efficient,positive,positive,0.9751634001731873
"what the mobile developers do not understand is: do not ever ever change the application icon! the icon shape and color are used to quickly identify an app between other dozen apps. that's how the brain works! moreover, an update only for the app icon? where is the video recording option? i use slack daily (it's the main chat / video conferencing solution where i work) and you can simply cannot record meetings!",negative,negative,0.9045000076293945
"cute and accurate, but no long hair",neutral,positive,0.9853036403656006
used to work. not anymore,negative,negative,0.9940288066864014
an outstanding way of communication with the team.,positive,positive,0.9878547787666321
internet is better than this because,neutral,neutral,0.8186776638031006
"sucks. force close, pdf never opens. htc hero.",negative,negative,0.99569171667099
"i like it just wish tht we had more choices for the avatar and the body shapes were more womenly, besides that i think it's great!",neutral,positive,0.9877378940582275
was great when it worked,negative,negative,0.9515296220779419
update has ruined functionality. now difficult to search rooms for <number> people etc. terrible terrible terrible!,negative,negative,0.9955086708068848
would like it better if you could use this app in fb <url>,neutral,neutral,0.96425461769104
great app with potential.,positive,positive,0.983283519744873
handles small pdf files really well. needs bookmarks.,neutral,neutral,0.9668606519699097
why not a mobile web version ??!!?!,negative,negative,0.8236947655677795
"i love this app, the ui is nice and smooth, no bugs what-so-ever, and it knows when i press the home button and enter another app. (turn on advanced something in the settings) looks very smooth, and it works as it should! the problem is, i can't lock my phone without killing the tree, and it wastes the battery. that's pretty much my only complaint! (i'm fairly new to the app, and i heard that when your forest gets full, that you can't put in anymore trees. if so, please let the forest expand as well.)",positive,neutral,0.525499165058136
i was addicted to game and other stuff my personal work ratio was too down and this app really help <url> !,positive,neutral,0.6354987621307373
stuck in update mode,negative,negative,0.9839102029800415
while downloading music it goes to play store .,neutral,negative,0.772104799747467
can't append it to sd card when updated in htc wildfire,negative,neutral,0.8731445670127869
free emoticons are <url> good,neutral,positive,0.7640289068222046
"i could plant the tree while watching youtube , no different than clash of clans",negative,positive,0.6364325284957886
bbm cant connect properly,negative,negative,0.9936404824256897
"it would be cooler if you could mix and match the pants, shoes, shirts, jackets, etc. instead of having to choose from predetermined outfits. i want to make my own outfit!",positive,positive,0.9816257953643799
"works fine, too many ads",positive,neutral,0.9696309566497803
they okay good on the <number> day forecast.!,neutral,neutral,0.7593865394592285
"when it works, it's good. but far too many crashes on my galaxy tab s <number> .",neutral,neutral,0.9716346859931946
terrible it now no longer works the way it used to. it was the <signature>,negative,negative,0.9954373240470886
push notifications not reliable,positive,neutral,0.9923301339149475
went out and can't access it ny more. what happened. says i have <number> go thru fb or my email and i have <number> sign up and in wen i've been using it <number> the past <number> months. what happened!,neutral,negative,0.9957380294799805
to set a profile picture is very frustrating as the current set up/method cuts out most of the picture. this really should be adjusted.,neutral,neutral,0.9867085218429565
i liked <url> this is very useful,positive,positive,0.9726239442825317
if your not using this to book your loosing out,neutral,negative,0.9927413463592529
"the app keeps asking me to rate it despite me constantly telling it ""no"" so i'm rating it <number> star out of spite and partially because they don't actually follow the choices they give you.",negative,neutral,0.8746417760848999
"uc browser is a fantastic browser application. the team behind the creation of this application have all done a wonderful job. keep it up as you continue to improve upon this great application. however, i wish to suggest that option to be able to send applications in speed mode { facebook, twitter etc} to phone desktop/home screen be incorporated into this application. secondly, make it possible to be able to select and set desired audio file as alert tones for applications like facebook etc. we therefore look forward to seeing these options in your next update sir. <signature>",neutral,positive,0.9893524646759033
"battery drain, battery drain, battery drain",negative,negative,0.9950035214424133
won't open raw files,negative,negative,0.9943382143974304
force closes on samsung moment w/android v <number> . <number>,negative,negative,0.9347814321517944
not as good as desktop app .too slow while navigaring to different channels amd personal chats.,neutral,neutral,0.992658793926239
weather is nice and shows precipitation also,positive,neutral,0.6501500606536865
"won't let me add locations, other than that, works well.",neutral,neutral,0.9907923936843872
note <number> <url> of nov <number> th.,negative,neutral,0.9538061618804932
rooms sold not always available,neutral,neutral,0.9894593954086304
please add a feature!,neutral,positive,0.9690479040145874
so many ads r coming i hate this app,negative,negative,0.995649516582489
it does what it's supposed to.,positive,neutral,0.9718788266181946
it really sucks that disabling wysisyg in the settings does not work. i want my input freedom.,negative,negative,0.818023145198822
it's a decent app,positive,positive,0.7901178598403931
have issue on redmi note <number>,neutral,neutral,0.9748036861419678
"i would give it <number> , but it keeps stopping when converting text to pdf",positive,positive,0.9845361113548279
very good for me,positive,positive,0.9813427329063416
"app whitelisting doesn't work, everything works fine when whitelisting is turned off (tree withers when i exit the app) but when it's on, i can access any app without the tree dying, not just the whitelisted ones. i've also turned on the advanced detection mode, does not help.",neutral,neutral,0.985559344291687
"this ""use"" to be the greatest weather app right up until <url> latest update froze radar animation and i don't get alerts until i open the app. deleting and going to find a better app.",negative,negative,0.9372592568397522
"it does its job, but asking each time to rate the app is infuriating",neutral,neutral,0.9856470227241516
my weatherbug now tells me im <number> towns away. reported <url> they told me i was dumb basically.,negative,negative,0.9582617282867432
crude humor supports the deteriorating morals of society. not acceptable,negative,neutral,0.9125221371650696
after installed the browser <url> phone will hang and some unwanted program to be automatically <url> will affect on <url>,negative,negative,0.9421118497848511
some update or something makes this wonderful app crash. please remedy the issue!!!,neutral,neutral,0.947892963886261
love it but easy on the ads pls,positive,positive,0.901784360408783
"for all those whose trees are not withering, turn off whitelist mode",neutral,positive,0.49864232540130615
"i really enjoy this app, it's been quite helpful. however, though it counts the time you exceed the preset goal you don't get any extra trees/bushes. this means that i sometimes go over my time focus goal, but only see one lonely tree for my efforts. good bit of a bummer. otherwise, love the app.",positive,positive,0.9796587228775024
not as accurate at weather channel but i like that i can choose the radar location.,positive,positive,0.9851698279380798
i prefer the blackberry version to the android version. or maybe i've not discovered all the tricks here.,neutral,positive,0.5082331895828247
great! so much potential!,positive,positive,0.9693460464477539
can't use bbm after update,negative,neutral,0.8216043710708618
on getting the latest update the app stopped working all of a sudden. i use samsung galaxy s <number> . please see what has gone wrong. i tried reinstalling the app too. didn't work.,negative,negative,0.9925317168235779
very very slow even on nexus one,negative,negative,0.9871751666069031
like the old version better,positive,positive,0.6006563305854797
stop asking me to rate every time i launch the app.,negative,neutral,0.988132655620575
lots of force closes on galaxy s.,negative,negative,0.9812487363815308
needs more of the core lightroom features,neutral,positive,0.9017935395240784
"great app, just a few things that need addressed. i can no longer ""purchase"" additional trees and i have the $. it says forbidden after taking a while to load. i've uninstalled and reinstalled, running on the most current app and android os <number> . <number> , droid turbo <number> .",neutral,neutral,0.9467911124229431
please add live radar widget!,positive,neutral,0.9789249897003174
can't quickly link to specific page or bookmark. sucks. quick office is much better for reading pdfs.,negative,negative,0.9824259281158447
it dose not let you do anything,negative,negative,0.9745639562606812
hourly doesn't match the <number> day,neutral,negative,0.9932898879051208
it's a good app,positive,positive,0.8396481275558472
good app edit picture,positive,positive,0.544486939907074
can't bookmark the page! it's hard to read an e-book and remember the page number. i will delete.,negative,neutral,0.9063788652420044
use for fast download,positive,positive,0.9821258783340454
used to be the <signature>,negative,negative,0.6787318587303162
better than most. quick and easy,positive,positive,0.9850506782531738
"not fast in sending and receiving messages, the app needs to be worked on.",negative,neutral,0.9136891961097717
local adjustment not appearing,positive,neutral,0.9931755661964417
used to be great,negative,negative,0.9811378717422485
just got it <url> fingers crossed,neutral,negative,0.6729741096496582
best pic editing <url>,positive,positive,0.9630631804466248
no bookmark or jump page. doesnt remember where i was when closed,negative,negative,0.992819607257843
"good. only complaint is that sometimes the location on my lock screen is not my current location, but a random one from my saved places.",positive,positive,0.9878455996513367
for the older version,neutral,neutral,0.46725574135780334
"this app is pretty good, but i wish i could use this in my normal keyboard and i hope that it will be animated and have a transparent background",positive,positive,0.9777916073799133
it's very accurate and good,positive,positive,0.978594958782196
loved it till i got a new phone,negative,neutral,0.8435470461845398
works ok but crashes when i rotate my archos <number> .,neutral,neutral,0.99053555727005
bloats <number> megs needs to be movable to <url>,negative,neutral,0.9869967699050903
shares the way it wants without permission,negative,neutral,0.9048693180084229
external storage for cache,neutral,neutral,0.9845237731933594
the radar map is practically useless now,negative,negative,0.9950218200683594
will not select the correct current location.,negative,negative,0.867613673210144
cant edit my avatar and cant log in!!,negative,negative,0.9954877495765686
this is worse than what we call pathetic when it comes to mobile app.,negative,negative,0.9950272440910339
updated to make it worst,negative,negative,0.9945183396339417
the trees do not die when i leave the app which is what the app was supposed to do should i have left the app to use other apps like ig or youtube,negative,negative,0.9164420366287231
new version is a major step back,negative,positive,0.9699933528900146
awesome and secure app,positive,positive,0.973264753818512
awful app. really awful.,negative,negative,0.99425208568573
would rate <number> <url>,negative,neutral,0.9731796383857727
"makes an incredibly annoying and loud clicking sound through the speakers whenever you take a photo, with no ability to disable it.",neutral,negative,0.877734363079071
it's nice but some problems r there,neutral,positive,0.6805080771446228
have used it for years,positive,positive,0.982984185218811
hope it supports split screen,positive,neutral,0.9664235711097717
good app to <url> i alwayz prefer uc browser to <url>,positive,neutral,0.9792601466178894
some issues but otherwise excellent,positive,positive,0.9701789021492004
"this app is great, allows you to edit raw files, and almost has all the same options as a desktop/laptop version. the only thing i would really love to see is a brush setting, really all it needs for <number> stars in my books!",positive,positive,0.9891347885131836
basic stuff done well,neutral,positive,0.8228762745857239
unfriendly to free users,negative,negative,0.9743036031723022
crashed my phone twice in a row doing nothing more then trying to read a <url>,negative,negative,0.9952972531318665
has become unreliable and very inaccurate. loved it and now will get rid of because of terrible forecasts.,negative,negative,0.9955358505249023
still no group contacts like old bbm,negative,neutral,0.9506927728652954
"slow loading, double notifications",neutral,neutral,0.9648953080177307
i love this app but sometimes it is really lagging.,positive,neutral,0.9466130137443542
freezes when opening pdfs. useless. root droid <number> . <number>,negative,negative,0.9956846237182617
"really nice app ,with grt way to analyse yr productivity",positive,positive,0.9846203327178955
great but one major problem,positive,positive,0.9299699664115906
this program needs to be able to jump to specific pages in the pdf. i have a <number> page set of blueprints in need to access multiple times daily. fix,negative,neutral,0.6533010005950928
something went wrong before i could access this app. immediately <url> viruses needed.,negative,negative,0.9944666028022766
last update problem when search number adults,negative,negative,0.9020438194274902
very good app very easy,positive,positive,0.9831898212432861
it's good app and doesn't contain virus,positive,neutral,0.9784278869628906
please add widgets for slack,positive,positive,0.9832077026367188
add hdr support for htc <number> please!,neutral,neutral,0.5371198654174805
"suddenly it's killing all my trees it's was working perfectly, but now i keep getting a ""unknown app'",negative,neutral,0.9418382048606873
well <url> you need access to my files and my camera ? looks like an insecure joke. i 'll install once we are back to serious.,negative,neutral,0.9764294624328613
this app is <url> not as expected,negative,negative,0.885501503944397
please add remind me option,neutral,positive,0.9705731272697449
"original user interface, very usable.",positive,neutral,0.9479947090148926
i use this site for booking over night stays when going on holiday. good hotel and great staff.,positive,positive,0.9896723031997681
can't access my account,negative,negative,0.995092511177063
very useful to find non-chain hotels--saving lots of money when all you need is a clean room and a servicable bed.,positive,positive,0.6294591426849365
"love it, something for almost every occasion!",positive,positive,0.9748721122741699
doesn't format text correctly,neutral,negative,0.9902312159538269
"despite all these new pdf readers, this app provides very good benefits",positive,positive,0.9888046383857727
love it but hate it,neutral,negative,0.9253612756729126
great application. efficient way to browse and book accommodation.,neutral,positive,0.9876602292060852
great mutch eadier than website. quick and convenient,positive,positive,0.9843528866767883
excellent. not needing any permissions is cool.,neutral,positive,0.9793455600738525
"works pretty good, nice to finally have this on android.",positive,positive,0.9884753227233887
to boring and to many adds,negative,negative,0.9328478574752808
reply from notification and remove bbm channels,neutral,negative,0.8662921786308289
love the app but current temperature doesn't stay in the notification bar even though i have it set to go the settings. please fix. i have to constantly open the app for current temp.,positive,neutral,0.9589410424232483
i like it . works great,neutral,positive,0.9861654043197632
it's good for documents viewings and managing.,positive,positive,0.9898746013641357
it's good but not too much <url> it's working well,positive,positive,0.9241262078285217
pic porn on ads,negative,negative,0.6403200030326843
dope! i wish there was a batch deletion feature.,positive,neutral,0.7951698899269104
"worked great for years but now it double posts everything i send on my chromebook. love it on every other <url> iphone, mac. i hope this is fixed in the next <url> !",neutral,positive,0.9764094352722168
"sering error, but it's fine. still working",positive,positive,0.8574599623680115
full of bugs. i can claim the reward but my coins doesn't increase at all????,negative,negative,0.9904111623764038
reliable when signal is good,positive,positive,0.7167700529098511
love it and hate it.,neutral,negative,0.9933173656463623
would be good if you could delete after finished!,neutral,neutral,0.9784088134765625
works for me. only one i ever use.,positive,positive,0.9794929623603821
error <url> do not work. i'm having <number> . <number> . <number> <url> still not working .,negative,negative,0.9959977865219116
it is very good but it needs more options on the facial features and the body motifications,positive,positive,0.9704063534736633
takes up <number> percent of the <url> saves everything u <url> good for a <url> have motorola droid.,negative,neutral,0.9766229391098022
nice <url> was using this <url> information for news and latest updates,neutral,positive,0.9888188242912292
"the whitelist doesn't <url> no matter what i do, my tree dies.",neutral,negative,0.7233616709709167
"good app, but lacking android wear (and thus pebble) support. i prefer google hangouts to slack because of this missing functionality.",neutral,neutral,0.9810149669647217
great but too much phone access,neutral,positive,0.9591347575187683
if you can't offer better pricing you're useless,negative,negative,0.995165228843689
seriously your ad blocker never works everytime i go to movies site pop up ads pop ups every second very irritating don't <url> u will never get good surfing experience,negative,negative,0.9699867367744446
minimize category and bbm group user friendly,positive,neutral,0.9878566265106201
it doesn't save the last page you were on. it's annoying.,neutral,neutral,0.965703010559082
please add something which shows you how long you've worked for each day and maybe a graph for comparing different working times,neutral,positive,0.9893162250518799
not bad better than other,positive,positive,0.8803680539131165
i like the radar and spark. i work outside so that helps. the temp though? <url> but i guess that's what you get when trying to predict the actions of the most volatile woman in existence. mother nature of course.,neutral,positive,0.9881094098091125
why it is asking to download uc browser when i am going to download song and i don't want to download uc browser,negative,negative,0.9870201349258423
"awesome app!! it helps me a <url> i think it will be better if it had a <url> like we can time when it will start <url> sometimes i like to use my phone a lot. like before bed or using my phone at <url> smting like that. if you had the timer, we can set our work time so we would not play phones at certain <url> but still this app is great!!",positive,positive,0.9287595152854919
good app but <url>,neutral,neutral,0.9226329326629639
does the job it aims to do,neutral,positive,0.9859187602996826
ridiculous. why the hell i cannot move it to memory card?,negative,negative,0.9946216344833374
download error problem network gone after network connected again donwload doesn't resume,neutral,negative,0.995905876159668
"i would give this app more stars if it weren't for the inability to get an overview of the total number of hours sunk into each tag rather than just a percentage, extend the amount of time you want on the fly and to filter by multiple tags vs either only one or all at the moment.",neutral,positive,0.925142765045166
"its cool, i love it",neutral,neutral,0.844450831413269
warning. bad apps. this apps cheat ur money on cancelation,negative,negative,0.9956179857254028
please fix!! then <number> stars,negative,negative,0.990572988986969
it's ok this apps,positive,neutral,0.9856719970703125
please add support for links inside pdf! great app but i really miss that feature!!,neutral,positive,0.987655758857727
weatherbug was better <number> years back than it is now. i do not like the last few updates. the maps not as good especially showing cloud cover with storms or without. the layers is really sib par from the way it was. now for the last <number> days its shutting down for no reason,neutral,neutral,0.9898900985717773
uc helpful but it's have many bad <url>,positive,positive,0.8398488163948059
it tells me what i need to know,positive,positive,0.966605007648468
addicted to phone? this is the app,positive,neutral,0.562089741230011
works well but beware the enormous memory use for data. if this could be stored on sd card then i would give <number> stars. as it is may have to uninstall.,neutral,neutral,0.6895825266838074
nice app for viewing documents!!! have been using it since many years!,positive,positive,0.9885146021842957
doesn't have a logout option,positive,neutral,0.9913062453269958
enlarge capacity for sending video,neutral,neutral,0.707862138748169
"it needs to have color, hairstyles and have character friends we pick on the lists to be in emojis too. plus can we have clothes come from video games and movies. plz",positive,positive,0.9874201416969299
excellent considering all i want is pdf reader. but confused why such a basic thing like bookmarks is missing! the page nav good but never accurate,neutral,positive,0.9838013052940369
very funny! it crashes in my s <number> edge+,negative,neutral,0.9827489852905273
cant book in alantic city nj,negative,negative,0.8854069709777832
learnt about it hope it is going to be <url>,neutral,neutral,0.7703324556350708
i think it is cool because you can use it for anything and could make stories etc.,positive,positive,0.9896023869514465
"so powerful, yet so limited.",neutral,neutral,0.9682555794715881
i really like this app. have a lot of fun with it when i send text messages. haven't had any problems with it.,neutral,positive,0.9862939119338989
new icon is really lame. looks like google <url> hahaha. binit,negative,negative,0.9957014918327332
easy and convenient to use,positive,positive,0.9468215703964233
holy data <url> people please!,negative,neutral,0.5914492607116699
screw you slack for arbitrarily forcing everyone on mobile to download this utterly superfluous client while your services run well in browser.,negative,negative,0.9957068562507629
sometime. . force close hard launch,neutral,neutral,0.9847776889801025
"slow, and hang when zoom",negative,neutral,0.7905029058456421
"the app is really good. i find it really fun but i suggest that you guys add piercings, birthmarks, beauty marks and things like that, maybe even allow more then two bitmoji characters. other than that, the app is really good",positive,positive,0.9882480502128601
"would pay extra to get the ads to go away. otherwise, very good.",neutral,positive,0.9875807762145996
beware making fool and cheating beware,negative,negative,0.9947186708450317
what happened to the paid version?,negative,negative,0.9954513907432556
good <number> st version - htc one m <number>,positive,positive,0.9651858806610107
great app use it to store music in,positive,positive,0.9860172867774963
"could use a bit of <url> other than that, great concept and idea!",neutral,positive,0.9878836274147034
more customizable than the other guy but not as complete as i'd like,positive,positive,0.8647967576980591
"i always like this app since i used my old curve. but the ads kill me, hahahaha.",positive,neutral,0.8801466226577759
"what a crappy app. rim can do much betta than this. wanted to give it a zero star but that option ain't available, i wonder why.",negative,negative,0.9882118105888367
it's a good app . it saved my mobile from getting virus into my mobile,positive,positive,0.9801657199859619
it's really nice !!!,neutral,positive,0.9726241230964661
"the prices are super high. like,the great <url> a billionaire could pay, but they would be poor afterwards. don't use!",negative,negative,0.9950340986251831
"great local forecast, maybe because i live near their headquarters. it works great when i travels as well.",positive,positive,0.9851304888725281
not very compatible with pomodoro technique,neutral,neutral,0.9574730396270752
very useful and reliable app. documents are available offline which i find very convenient,positive,positive,0.9875012636184692
too many ads! hate it,negative,negative,0.9954676628112793
good but i don't like this app becouse of that annoying ads please remove this <url>,negative,neutral,0.964038610458374
improve android app please,neutral,neutral,0.925829291343689
not happy over my profile picture,neutral,negative,0.9941537976264954
foxit reader is more convenient,positive,neutral,0.9879525303840637
"cute, simple and motivating!",positive,positive,0.9871196746826172
good but could be better,positive,neutral,0.9786868691444397
"one of the essential apps, but imperfectly realized in android",positive,neutral,0.9581140875816345
like it but too much ads,positive,neutral,0.7557504177093506
still very lame. can't open pdfs that are image scans. cmon adobe. really?,negative,negative,0.9947944283485413
"after unable to launch get fixed in the update last night, all my past <number> days history is gone <url> all my lemon <url> this how the developer improve performance? very <url>",negative,negative,0.9836534857749939
you better call it off. useless.,negative,negative,0.9946999549865723
as good as the web version,positive,positive,0.9469603896141052
just updated bbm and all of my chat history disappeared! need a way to restore it. pls fix it.,neutral,negative,0.9957239627838135
<salutation> can't even open password protected files. waste of time and memory,negative,negative,0.9954714775085449
i dont understand this ap,neutral,negative,0.9919439554214478
its a very good app,positive,positive,0.983194887638092
good website for hotels. plenty of options and many with free cancellation.,positive,positive,0.9824327230453491
bad very very bad. in all website you have ads <url> is <url> <url> bad things <url> <url>,negative,negative,0.995439350605011
claims app <number> sd but <url> no option to move from phone to sd card. it's a <number> +mb app. htc di <number> . <number>,neutral,negative,0.9955226182937622
"unnecessary app, please kill it.",negative,negative,0.995378851890564
my favorite way to communicate,positive,positive,0.9700571298599243
quickly opens up the pdf <url> and very user friendly,positive,positive,0.9878450036048889
force closed after update,neutral,negative,0.994317352771759
this app is nice for safe <url>,neutral,positive,0.6350293159484863
brings so much important info to my phone in an easy to use format.,positive,positive,0.9865901470184326
very nice and helpful app,positive,positive,0.9822772145271301
don't send fake news,neutral,negative,0.6909782290458679
it asks for login every time i start it and that is very annoying. on my ipad it does not behave that way.,neutral,negative,0.93464595079422
update <url> bisa copy comment di picture group <url> info bagaimana cara copy coment nya?,negative,negative,0.7988056540489197
"good so far on phone, afraid to install on laptop, had a older version that wouldn't go away and had constant ads and pop-ups",positive,neutral,0.9083149433135986
this app is far too big.,negative,negative,0.5744956731796265
this is a good app,positive,positive,0.9606620669364929
"i'm heard about security concerns related to this browser, can u explain it?",neutral,neutral,0.9785072803497314
worst app in world,negative,negative,0.9949067234992981
i wish i could make funnies with my friends in them. not just in snapchat. otherwise a very fun app.,positive,positive,0.9834977388381958
its alright but got a long way to go to better repligo. need to be able to skip to chapters and double tap zoom should fit paragraph to screen width,neutral,neutral,0.962909460067749
just missing an iphone feature.,positive,neutral,0.952046811580658
not as good as on the blackberry phones doesn't show a red star to let you know you have an unread message unless you open the app,neutral,neutral,0.987400233745575
excellent with some improvements,positive,positive,0.9843115210533142
add fonts and stuff,positive,positive,0.9880794882774353
please add some more features,positive,positive,0.9454887509346008
wish you could choose a friends to be part of the emoji,neutral,neutral,0.889924943447113
this app is useless. if i hit the home button the app plays in the background of my phone without the tree dying. that literally defeats the entire purpose of the app,negative,negative,0.9946877956390381
now i accepted it,positive,neutral,0.7036395072937012
support for password protected documents.,neutral,positive,0.988515317440033
discord came out and improved on slack in every way. there is no reason to use this trash anymore.,negative,negative,0.9947388768196106
not anymore waste of time,negative,negative,0.9930537343025208
not able to sign in,negative,negative,0.9872111082077026
edit: i found the lemons and how to kill trees,positive,positive,0.7590449452400208
always eror <url> this app,negative,positive,0.946510910987854
has too much space for ads. premium for login. there are more user friendly ways to monetize your app. the concept is ok but poorly executed,negative,neutral,0.9810500741004944
"since using a new update, my htc one x, always not <url>",negative,negative,0.9942589998245239
wpupd give more stars if we could use this app on fb messenger,neutral,neutral,0.9554457068443298
"not more reliable as the desktop app, but it is enough to get by",neutral,neutral,0.836731493473053
does not open all pdf files that you can open with adobe on the pc. uninstalled.,negative,negative,0.9946261048316956
"really bad. zoom removes text, outer viewmode locks scrolling etc etc",negative,negative,0.9954314231872559
i think the app is ment for book worms and book worms like me love it,neutral,neutral,0.5591754913330078
chat app or ads app,negative,neutral,0.8381564021110535
"good accuracy, clean look and good features.",positive,positive,0.9887945652008057
tree doesn't whether if i leave the app n play game this app sucks,negative,negative,0.9949852228164673
even worse than photoshop,negative,negative,0.9948258996009827
begging for bookmark and copy paste option <url>,neutral,neutral,0.9247381687164307
forgets where i was when killed by the system,neutral,neutral,0.9876754283905029
very good. am no lonnger using infinix <number> am using mi note and it is very difficut for me to update my mi note phone.,neutral,positive,0.8702046275138855
not easy to use,neutral,neutral,0.8955909609794617
good app but huge filespace,neutral,positive,0.9737597107887268
no substitute for this great secure app for mobile communication in real time,positive,negative,0.47004708647727966
not for bald people,negative,neutral,0.9339351058006287
really useful app. totally enjoyed using it. i had downloaded this without many expectations but the simplicity and perfection that this app delivered totally blew me away. hats off to the developers !! keep up the great work !!,positive,positive,0.9644926190376282
"it's a good app overall, but the hourly forecast is totally unreliable. if the amatuers at weather underground can get it right <number> % of the time, why is weatherbug wrong <number> % of the time? c'mon folks, it's obviously do-able, so please try putting in the effort to get it right in the future (or at least check out the weather underground site and copy their work).",neutral,positive,0.6685296297073364
so so. like other apps in the play store. nothing special.,neutral,neutral,0.9847958087921143
the standard tool for exchanging documents online,positive,positive,0.9871411323547363
please fix some bug n i will give u <number> star,neutral,positive,0.6759207248687744
great app over all,positive,positive,0.9787134528160095
the app is interactive and has all the required functions.,positive,positive,0.9499414563179016
it's ok but the follow me is crap,neutral,neutral,0.9863827228546143
update every <number> minutes,neutral,neutral,0.5274164080619812
"i have installed and uninstalled repeated this several times, all it wants to do is update continuously. i can't use it at all.",negative,negative,0.9953880906105042
used battery most show identity,negative,positive,0.9079034328460693
should have more filtering options. should stop nagging for a review when you've already posted one.,neutral,neutral,0.9758267998695374
"after reservation want to add rooms but app just crash, keep loading",negative,neutral,0.600334882736206
lost in the translation,negative,neutral,0.930763840675354
new version is much slower than the last. loading messages and channels feels sluggish and tedious.,negative,neutral,0.9892058372497559
where did the precipitation amounts go?,negative,neutral,0.981633186340332
"it's nice, but it would be great there'd be some piercings",positive,positive,0.9823280572891235
it's a good app,positive,positive,0.8396486639976501
good but could be better,positive,neutral,0.9786868691444397
last update hosed app,negative,negative,0.9901977777481079
"it keeps crashing. i like yet very annoying to keep <url> , weather stopped working.",neutral,negative,0.9932925701141357
the app would be better if you let us use calculator and <url> bcoz sometimes while studying you have to google something <url> just a suggestion.,neutral,neutral,0.6966720223426819
"i love the amount of data and the warnings. however in the last <number> months the application has failed to work often at least once a day. if this issue could be solved, i would give the app <number> stars.",neutral,positive,0.9127644896507263
you just need to add box braids as a hairstyle,positive,positive,0.98711758852005
its nice to receive anything,positive,positive,0.8686840534210205
this app is awful,negative,negative,0.9955110549926758
"bummer! now i am a former usser!!!! no-ads weatherbug, where are you? hello?",negative,neutral,0.9901940226554871
good for an <url>,neutral,neutral,0.9748416543006897
this is very bad,neutral,negative,0.9950447082519531
doesnt work on the gs <number>,negative,negative,0.9949147701263428
too much ads not good for kids,neutral,negative,0.7768360376358032
not working properly in android above <number> . <number>,positive,negative,0.9953291416168213
slow sometimes especially during video and audio calls. the app just hangs and stops working.,positive,neutral,0.8897880911827087
if i could alter the apps appearance to allow for inverted colour schemes i would give it <number> stars other than that this is a brilliant app.,positive,positive,0.9890341758728027
one of the <signature>,neutral,positive,0.9775671362876892
"it's not working for me, i'm using samsung tab <number> mini, it's asking for confirmation of date of birth",negative,neutral,0.7632555961608887
"i can use other app meanwhile timer is running , so no use waste app",negative,neutral,0.952028751373291
app is up to date and easy to read.,positive,positive,0.9888138175010681
"do not waste your time. if u think u can save the earth but no, you have to buy premium first to plant trees. absolute a waste timer",negative,negative,0.9934089183807373
sluggish compared to other pdf readers but renders well.,neutral,neutral,0.5757796764373779
"i don't need this, but i'm sure someone will need it.",positive,neutral,0.9811884760856628
"really fast, good and probably the <signature>",positive,positive,0.9777494072914124
"my team, tired of waiting for a department driven initiative for collaboration tools, decided to start using this for ourselves. it's been a great experience so far - quicker responses, easy file sharing, organising social outings and reaching out to the whole team at once etc. the <signature>",positive,positive,0.9877368211746216
bad uploaded pic display,negative,negative,0.9955553412437439
i like this app is very useful,neutral,positive,0.9866775274276733
"i was not able to open the app even after reinstalling it twice so instead i installed ""flip flop"" app which is also a similar app",negative,negative,0.571054220199585
what's with all the new permissions?,negative,negative,0.9913350939750671
the new automatic markdown feature sucks!!! and you cannot turn it off,negative,negative,0.9953952431678772
now it use very long time for export photo.,negative,positive,0.9837844371795654
can't import pictures,negative,negative,0.9920132756233215
i love it but for some reason it doesn't work well on my samsung. if it worked better with my phone a higher rating,neutral,neutral,0.9279883503913879
did more things to say and more holiday,neutral,neutral,0.6096914410591125
can not open edited images on my galaxy note <number>,negative,negative,0.5498648285865784
the confirmation details is not shown on <number> rd party screen. not useful if i have to inform <number> rd party of the confirmation details.,neutral,neutral,0.9815710186958313
never sends the correct emoji.,negative,negative,0.9954498410224915
please add save image setting,positive,neutral,0.6031255722045898
i cant run the app after new update!!!,neutral,negative,0.9958028197288513
ads thats the only thing spoiling this <url> bcz ads are source of income <url> lose this app the source ur getting ads,negative,negative,0.9889659285545349
i have had this app for a while and it works really well,negative,positive,0.900437593460083
mostly good except- sucks too much background data and not freindly to my battery . should shut itself down.,neutral,neutral,0.9356662034988403
"fairly accurate, wish the radar would update a little quicker",positive,positive,0.9886983036994934
what's up with it?,negative,negative,0.9655747413635254
up browser is <signature>,positive,positive,0.9409782290458679
nice app but i can't highlight my text i pressed that longer but it couldn't work please check this out,positive,neutral,0.8796998858451843
love it but the radar needs future time,positive,neutral,0.9815798401832581
itss ok but not good at <url>,neutral,neutral,0.9909839630126953
animation does not work. really disappointed. use everyday for work. moving on to the weather channel app. never fails.,negative,negative,0.9951565265655518
"maybe if the app followed material design guidelines, i would have rated it <number> stars. the controls are based on ios, so it's not easy to find your way, but overall it's a good photo app.",positive,positive,0.7209441661834717
new layout v <number>,positive,neutral,0.6532620191574097
it does not install,positive,negative,0.9932849407196045
"its amazing app, but unfortunately after the new updation the app forced to close when importing a new photo. so please fix that bug immediately",positive,neutral,0.933720052242279
try hotel tonight - $ <number> free,neutral,neutral,0.5255817770957947
"it's like <number> stars for the app, <number> star for new booking assistant. god damn it, how the hell can i just answer the message i got from a property???!!! why do i need to see <number> questions of an assistant instead, that i can not delete and that just mess up all the dialog! hate it. really hate this feature! do like everything else though.",positive,negative,0.8108609318733215
been a good weather app for me! thumbs up!,positive,neutral,0.9736531376838684
i guess it's <url>,positive,neutral,0.5935789942741394
loved it before update,neutral,neutral,0.6463260054588318
it is good news app but some improvement required in spelling and language.,positive,positive,0.9895384311676025
"as a frequent user , you should have few options as reward the client should choose between",positive,neutral,0.9881848096847534
no bookmark or jump to <url> really annoying,negative,neutral,0.9836177825927734
app is <url> service sucks,neutral,negative,0.9955732822418213
i can't use web mobile in <url>,negative,neutral,0.7048376798629761
the new button is super poopy.,negative,neutral,0.9014491438865662
"i love it, but desperately needs to save last <url> and place within that <url> a bookmarking function!",neutral,positive,0.9397312998771667
"simple to use,in a straight forward easy to understand format. <signature>",positive,positive,0.981838583946228
i saw no last minute rates as promised on the description.,negative,neutral,0.9754953980445862
if you browse like i do this is a must have. i rated it <number> stars before but now it is becoming a mess. you are killing its reputation with ads. i must wait for few seconds advert to finish before browsing.,neutral,negative,0.6727407574653625
the drawer is old,negative,neutral,0.9480812549591064
what a great messanger. you make us who separated a kilometers away can gather in one place. keep <url>,positive,positive,0.945048451423645
add text option please,neutral,positive,0.9690050482749939
new logo looks like swastika maybe next time dev team will worked on app ram usage?,negative,negative,0.8776404857635498
don't use. can't uninstall on tablet,neutral,negative,0.985831618309021
fast but doesn't allow you to jump to pages no good for big ebooks,neutral,negative,0.8071382641792297
how can i make a video call??,positive,positive,0.5714597105979919
easy to use and useful,positive,positive,0.8922035098075867
"i saw this app on engadget and was excited to try it. however, the hdr mode does not work on my phone. i have a samsung galaxy s <number> edge. it is listed as one of the phones that works but the option for hdr is not available on the drop-down menu.",neutral,neutral,0.9916356801986694
i was able to update and view my bookings very easily. very convenient.,positive,positive,0.9886356592178345
"it lost all my progress! i had the cat tree, octopus, etc",negative,neutral,0.6600639820098877
best crashes ever!!!! worthless,negative,negative,0.9956861734390259
radar map never loads first try.,neutral,negative,0.9950921535491943
"simple to the massage, i like bbm,cause i can see when the massage have delivered n read .",positive,positive,0.9844741821289062
its <url> make something <url>,neutral,neutral,0.850463330745697
this is my favorite weather app to use. i've used it since i was a teenager. the only problem i have is that the hourly forecast is almost never right which is very inconvenient for me considering i work outside. on the bright side you can look at the radar and pretty much tell what what is gonna hit you.,neutral,positive,0.5887828469276428
cant connect to facebook,neutral,negative,0.9847870469093323
"i like it and think it's super cute and fun, but i wish it had more such as maybe tattoos or piercings and i wish you could create outfits instead of picking an outfit",positive,positive,0.9876735806465149
good for quick edits on the move,positive,positive,0.8636841177940369
why the almost daily updates?,neutral,neutral,0.9644071459770203
terrible. i don't need creative cloud!,negative,negative,0.9942810535430908
sign up form doesn't work and this app doesnt work without an adobe account so it was just a waste of time.,negative,negative,0.9945029020309448
love it but a problem?,positive,neutral,0.9847293496131897
does what supposed to an as far as forcast go seems good,positive,positive,0.7339513301849365
i can't import alot of my photos!,neutral,neutral,0.8229905962944031
horrible pdf reader. there are much better alternatives.,negative,negative,0.9954723715782166
"it's great that it can read my truck's <number> , <number> page service manual right here on my phone; but i can't find anything if there is no search feature!!",neutral,positive,0.8972717523574829
it does logout of account after closing,positive,neutral,0.7080507874488831
"love it. would be great if you could include options to dodge and burn images, too.",positive,positive,0.9827090501785278
i don't like that i can't attach to a text in gboard. i have to go through bitmoji to send in a text. it is easier to send in iphone and i can't do friendmojis,positive,neutral,0.9884898066520691
"does not work on the captivate at <url> very disapointed, it just says it has failed to read found files.",negative,negative,0.9952855706214905
it's an useful app,positive,positive,0.9871854186058044
is the white house in charge of it?,negative,negative,0.9862136244773865
weather automation doesn't work anymore so it's stupid,negative,negative,0.9953011274337769
some times its just boarding,neutral,neutral,0.9887570738792419
i deplore pdfs of all kinds. <url> the only thing that can read a pdf. but this app does <url> it still sux,negative,neutral,0.9618078470230103
installs another app without warning,negative,negative,0.9948225021362305
it's your app so you get to choose your logo. but this new one confusing my son that slack is a game and he is complaining i keep playing this game all the time but have no shame in denying his rights to play games eternally. ps: unable to view old items unless we pay is gross.,neutral,negative,0.9844808578491211
"other parties doin better ""reader n even writer"" than adobe!",negative,neutral,0.9439125061035156
takes too much time to load sometimes,positive,neutral,0.9775993824005127
it is an interesting app that uses a lot of memory. but great communication tool,neutral,positive,0.9869862198829651
it's amazing and faster then other <url>,neutral,positive,0.9722433686256409
best weather app out there until it stopped working. won't load anything now. please <url>,negative,neutral,0.9842387437820435
will be much better if it has read out <url>,positive,positive,0.9180046319961548
good overall but seems to have an issue of being unavailable or offline when other weather apps are working just fine providing the same info. <url> radar,positive,positive,0.9761494994163513
does the camera support long exposure?,positive,neutral,0.985622227191925
i enjoy using it. i just have to play with it more to get more experience,positive,positive,0.5255747437477112
it helps me a lot,positive,positive,0.9819092750549316
not bad at all. great improvement.,positive,positive,0.9897173643112183
plenty of unnessary ads,negative,negative,0.9175795912742615
the news feed so annoying please avoid this type of <url> or add a button for stop news <url>,negative,neutral,0.627328634262085
can be a bit complicated and in your face but it does a good job and is well supported by venues.,positive,positive,0.9858596920967102
i liked it. no reply on mobile though.,positive,positive,0.6869988441467285
"works perfectly with snapchat, i hope soon it has more goth/alternative outfits and options for piercings and ear spacers. love the new hair options!",positive,positive,0.9888912439346313
"it used to be a <number> star app but not every time i try to open it it crashes, please fix this asap",negative,neutral,0.9028425216674805
where's the support?,negative,neutral,0.5921157598495483
i think nice but mobile hang krta h,neutral,positive,0.9611691832542419
please add fonts in this app to write . <signature>,neutral,positive,0.9797976613044739
"worked once, then has never worked again.",negative,negative,0.9943238496780396
fix the radar! what is taking so long? i'm very close to deleting this app for good. i doubt i'm alone!,negative,negative,0.8497410416603088
it is good aap for searching and downloading <url>,positive,positive,0.9052868485450745
while controlling shutter speed whole app is getting freezed.,neutral,negative,0.9453198909759521
"no full language support. what a shame, adobe.",negative,negative,0.9954988360404968
it's nice <url>,neutral,neutral,0.8395892381668091
"this app is not at all what i had expected. it is very hard to use. at the beggining, you get small info about one fature of the app. once you start to use it, the purpose just gets confusing, how does the tree grow? is the time a stopclock, a timer, im so confused! please improve this app to be more user friendly!",negative,neutral,0.7266525030136108
lost status bar info,neutral,negative,0.8619024753570557
it was fine before i was forced to update.,neutral,neutral,0.9261936545372009
